"","Region","Market","Month","Year","Longitude","Latitude","Unmilled Maize Price Birr.KG","Milled Maize Price Birr.KG"
"1","ADDIS","addis ababa","APRIL","2014","38.793806","9.023748","7.32","9"
"2","ADDIS","addis ababa","AUGUST","2013","38.793806","9.023748","7.5","9"
"3","ADDIS","addis ababa","DECEMBER","2013","38.793806","9.023748","7.415","10"
"4","ADDIS","addis ababa","FEBRUARY","2014","38.793806","9.023748","7.165","9"
"5","ADDIS","addis ababa","JANUARY","2014","38.793806","9.023748","7.5","9.32"
"6","ADDIS","addis ababa","JULY","2013","38.793806","9.023748","7.33","9"
"7","ADDIS","addis ababa","JUNE","2014","38.793806","9.023748","7.49","8.66"
"8","ADDIS","addis ababa","MAY","2014","38.793806","9.023748","7.24","9"
"9","ADDIS","addis ababa","NOVEMBER","2013","38.793806","9.023748","10","11"
"10","ADDIS","addis ababa","OCTOBER","2013","38.793806","9.023748","9.36","10"
"11","ADDIS","addis ababa","SEPTEMBER","2013","38.793806","9.023748","8.24","9.83"
"12","AMHARA","Chuahit","APRIL","2014","39.311961","10.643157","6.00","-"
"13","AMHARA","Gondar","APRIL","2014","37.46149667","12.59878688","6.00","-"
"14","AMHARA","Esete","APRIL","2014","37.88657423","10.92298692","6.50","-"
"15","AMHARA","Debre- Tabor ","APRIL","2014","38.00833967","11.84769551","7.01","-"
"16","AMHARA","Kobo","APRIL","2014","39.63127424","12.16406542","6.20","-"
"17","AMHARA","Weldiya","APRIL","2014","39.6014117","11.82360232","6.66","-"
"18","AMHARA","Kombolcha","APRIL","2014","39.73724188","11.07807805","6.35","-"
"19","AMHARA","Dessie","APRIL","2014","39.63548793","11.11703902","7.63","16.00"
"20","AMHARA","Shewa- Robit ","APRIL","2014","39.90269733","10.00580856","6.44","-"
"21","AMHARA","Debre-¦","APRIL","2014","39.52890047","9.67650294","6.16","-"
"22","AMHARA","Chuahit","AUGUST","2013","39.311961","10.643157","7.00","-"
"23","AMHARA","Gondar","AUGUST","2013","37.46149667","12.59878688","7.13","-"
"24","AMHARA","Esete","AUGUST","2013","37.88657423","10.92298692","7.94","-"
"25","AMHARA","Debre- Tabor ","AUGUST","2013","38.00833967","11.84769551","7.61","-"
"26","AMHARA","Kobo","AUGUST","2013","39.63127424","12.16406542","7.07","-"
"27","AMHARA","Weldiya","AUGUST","2013","39.6014117","11.82360232","7.86","-"
"28","AMHARA","Kombolcha","AUGUST","2013","39.73724188","11.07807805","6.48","-"
"29","AMHARA","Dessie","AUGUST","2013","39.63548793","11.11703902","5.80","11.00"
"30","AMHARA","Shewa- Robit ","AUGUST","2013","39.90269733","10.00580856","7.10","-"
"31","AMHARA","Debre-¦","AUGUST","2013","39.52890047","9.67650294","6.50","-"
"32","AMHARA","Chuahit","DECEMBER","2013","39.311961","10.643157","5.58","-"
"33","AMHARA","Gondar","DECEMBER","2013","37.46149667","12.59878688","6.50","-"
"34","AMHARA","Esete","DECEMBER","2013","37.88657423","10.92298692","7.04","-"
"35","AMHARA","Debre- Tabor ","DECEMBER","2013","38.00833967","11.84769551","6.14","-"
"36","AMHARA","Kobo","DECEMBER","2013","39.63127424","12.16406542","5.96","-"
"37","AMHARA","Weldiya","DECEMBER","2013","39.6014117","11.82360232","8.26","-"
"38","AMHARA","Kombolcha","DECEMBER","2013","39.73724188","11.07807805","5.99","-"
"39","AMHARA","Dessie","DECEMBER","2013","39.63548793","11.11703902","6.75","-"
"40","AMHARA","Shewa- Robit ","DECEMBER","2013","39.90269733","10.00580856","6.10","-"
"41","AMHARA","Debre-¦","DECEMBER","2013","39.52890047","9.67650294","6.00","-"
"42","AMHARA","Chuahit","FEBRUARY","2014","39.311961","10.643157","5.50","-"
"43","AMHARA","Gondar","FEBRUARY","2014","37.46149667","12.59878688","6.00","-"
"44","AMHARA","Esete","FEBRUARY","2014","37.88657423","10.92298692","6.21","-"
"45","AMHARA","Debre- Tabor ","FEBRUARY","2014","38.00833967","11.84769551","6.13","-"
"46","AMHARA","Kobo","FEBRUARY","2014","39.63127424","12.16406542","5.63","-"
"47","AMHARA","Weldiya","FEBRUARY","2014","39.6014117","11.82360232","6.40","-"
"48","AMHARA","Kombolcha","FEBRUARY","2014","39.73724188","11.07807805","5.85","-"
"49","AMHARA","Dessie","FEBRUARY","2014","39.63548793","11.11703902","5.68","12.00"
"50","AMHARA","Shewa- Robit ","FEBRUARY","2014","39.90269733","10.00580856","6.05","-"
"51","AMHARA","Debre-¦","FEBRUARY","2014","39.52890047","9.67650294","6.00","-"
"52","AMHARA","Chuahit","JANUARY","2014","39.311961","10.643157","5.33","-"
"53","AMHARA","Gondar","JANUARY","2014","37.46149667","12.59878688","6.33","-"
"54","AMHARA","Esete","JANUARY","2014","37.88657423","10.92298692","6.41","-"
"55","AMHARA","Debre- Tabor ","JANUARY","2014","38.00833967","11.84769551","6.18","-"
"56","AMHARA","Kobo","JANUARY","2014","39.63127424","12.16406542","6.33","-"
"57","AMHARA","Weldiya","JANUARY","2014","39.6014117","11.82360232","8.26","-"
"58","AMHARA","Kombolcha","JANUARY","2014","39.73724188","11.07807805","6.00","-"
"59","AMHARA","Dessie","JANUARY","2014","39.63548793","11.11703902","5.98","-"
"60","AMHARA","Shewa- Robit ","JANUARY","2014","39.90269733","10.00580856","5.33","-"
"61","AMHARA","Debre-¦","JANUARY","2014","39.52890047","9.67650294","6.00","-"
"62","AMHARA","Chuahit","JULY","2013","39.311961","10.643157","7.00","-"
"63","AMHARA","Gondar","JULY","2013","37.46149667","12.59878688","7.23","-"
"64","AMHARA","Esete","JULY","2013","37.88657423","10.92298692","7.73","-"
"65","AMHARA","Debre- Tabor ","JULY","2013","38.00833967","11.84769551","6.96","-"
"66","AMHARA","Kobo","JULY","2013","39.63127424","12.16406542","6.43","-"
"67","AMHARA","Weldiya","JULY","2013","39.6014117","11.82360232","8.00","-"
"68","AMHARA","Kombolcha","JULY","2013","39.73724188","11.07807805","6.93","-"
"69","AMHARA","Dessie","JULY","2013","39.63548793","11.11703902","6.75","10.00"
"70","AMHARA","Shewa- Robit ","JULY","2013","39.90269733","10.00580856","7.68","-"
"71","AMHARA","Debre-¦","JULY","2013","39.52890047","9.67650294","6.66","-"
"72","AMHARA","Chuahit","JUNE","2014","39.311961","10.643157","6.00","-"
"73","AMHARA","Gondar","JUNE","2014","37.46149667","12.59878688","6.00","-"
"74","AMHARA","Esete","JUNE","2014","37.88657423","10.92298692","6.43","-"
"75","AMHARA","Debre- Tabor ","JUNE","2014","38.00833967","11.84769551","6.24","-"
"76","AMHARA","Kobo","JUNE","2014","39.63127424","12.16406542","6.07","-"
"77","AMHARA","Weldiya","JUNE","2014","39.6014117","11.82360232","6.53","-"
"78","AMHARA","Kombolcha","JUNE","2014","39.73724188","11.07807805","5.74","-"
"79","AMHARA","Dessie","JUNE","2014","39.63548793","11.11703902","5.94","16.00"
"80","AMHARA","Shewa- Robit ","JUNE","2014","39.90269733","10.00580856","7.14","-"
"81","AMHARA","Debre-¦","JUNE","2014","39.52890047","9.67650294","6.00","-"
"82","AMHARA","Chuahit","MAY","2014","39.311961","10.643157","6.00","-"
"83","AMHARA","Gondar","MAY","2014","37.46149667","12.59878688","6.37","-"
"84","AMHARA","Esete","MAY","2014","37.88657423","10.92298692","6.42","-"
"85","AMHARA","Debre- Tabor ","MAY","2014","38.00833967","11.84769551","6.49","-"
"86","AMHARA","Kobo","MAY","2014","39.63127424","12.16406542","5.96","-"
"87","AMHARA","Weldiya","MAY","2014","39.6014117","11.82360232","8.00","-"
"88","AMHARA","Kombolcha","MAY","2014","39.73724188","11.07807805","6.20","-"
"89","AMHARA","Dessie","MAY","2014","39.63548793","11.11703902","6.26","-"
"90","AMHARA","Shewa- Robit ","MAY","2014","39.90269733","10.00580856","5.83","-"
"91","AMHARA","Debre-¦","MAY","2014","39.52890047","9.67650294","6.00","-"
"92","AMHARA","Chuahit","NOVEMBER","2013","39.311961","10.643157","-","-"
"93","AMHARA","Gondar","NOVEMBER","2013","37.46149667","12.59878688","8.50","-"
"94","AMHARA","Esete","NOVEMBER","2013","37.88657423","10.92298692","7.82","-"
"95","AMHARA","Debre- Tabor ","NOVEMBER","2013","38.00833967","11.84769551","7.63","-"
"96","AMHARA","Kobo","NOVEMBER","2013","39.63127424","12.16406542","6.59","-"
"97","AMHARA","Weldiya","NOVEMBER","2013","39.6014117","11.82360232","9.06","-"
"98","AMHARA","Kombolcha","NOVEMBER","2013","39.73724188","11.07807805","7.39","-"
"99","AMHARA","Dessie","NOVEMBER","2013","39.63548793","11.11703902","6.00","-"
"100","AMHARA","Shewa- Robit ","NOVEMBER","2013","39.90269733","10.00580856","5.76","-"
"101","AMHARA","Debre-¦","NOVEMBER","2013","39.52890047","9.67650294","6.50","-"
"102","AMHARA","Chuahit","OCTOBER","2013","39.311961","10.643157","8.47","-"
"103","AMHARA","Gondar","OCTOBER","2013","37.46149667","12.59878688","9.00","-"
"104","AMHARA","Esete","OCTOBER","2013","37.88657423","10.92298692","9.59","-"
"105","AMHARA","Debre- Tabor ","OCTOBER","2013","38.00833967","11.84769551","8.39","-"
"106","AMHARA","Kobo","OCTOBER","2013","39.63127424","12.16406542","6.60","-"
"107","AMHARA","Weldiya","OCTOBER","2013","39.6014117","11.82360232","8.80","-"
"108","AMHARA","Kombolcha","OCTOBER","2013","39.73724188","11.07807805","7.93","-"
"109","AMHARA","Dessie","OCTOBER","2013","39.63548793","11.11703902","8.07","11.00"
"110","AMHARA","Shewa- Robit ","OCTOBER","2013","39.90269733","10.00580856","7.64","-"
"111","AMHARA","Debre-¦","OCTOBER","2013","39.52890047","9.67650294","6.92","-"
"112","AMHARA","Chuahit","SEPTEMBER","2013","39.311961","10.643157","7.50","-"
"113","AMHARA","Gondar","SEPTEMBER","2013","37.46149667","12.59878688","7.43","-"
"114","AMHARA","Esete","SEPTEMBER","2013","37.88657423","10.92298692","7.73","-"
"115","AMHARA","Debre- Tabor ","SEPTEMBER","2013","38.00833967","11.84769551","7.81","-"
"116","AMHARA","Kobo","SEPTEMBER","2013","39.63127424","12.16406542","7.94","-"
"117","AMHARA","Weldiya","SEPTEMBER","2013","39.6014117","11.82360232","7.86","-"
"118","AMHARA","Kombolcha","SEPTEMBER","2013","39.73724188","11.07807805","7.45","-"
"119","AMHARA","Dessie","SEPTEMBER","2013","39.63548793","11.11703902","7.27","10.00"
"120","AMHARA","Shewa- Robit ","SEPTEMBER","2013","39.90269733","10.00580856","7.81","-"
"121","AMHARA","Debre-¦","SEPTEMBER","2013","39.52890047","9.67650294","6.90","-"
"122","AMHARa","Mota","APRIL","2014","37.8807432","11.07475582","5.55","-"
"123","AMHARa","Debre- markos ","APRIL","2014","37.72636868","10.33641293","6.38","-"
"124","AMHARa","Dembecha","APRIL","2014","37.48251554","10.56669266","5.81","-"
"125","AMHARa","Bahir- Dar ","APRIL","2014","37.3815488","11.58416449","6.16","-"
"126","AMHARa","Sekota","APRIL","2014","39.03355257","12.62479803","7.06","-"
"127","AMHARa","Amde Work ","APRIL","2014","38.85815043","12.45920199","8.02","-"
"128","AMHARa","Danigla","APRIL","2014","36.83153176","11.25223153","5.41","-"
"129","AMHARa","Chagni","APRIL","2014","36.50793596","10.95196565","5.33","-"
"130","AMHARa","Kemise","APRIL","2014","39.85696873","10.71374234","5.61","-"
"131","AMHARa","Bati","APRIL","2014","40.0181327","11.19153266","6.17","-"
"132","AMHARa","Mota","AUGUST","2013","37.8807432","11.07475582","7.19","-"
"133","AMHARa","Debre- markos ","AUGUST","2013","37.72636868","10.33641293","7.83","-"
"134","AMHARa","Dembecha","AUGUST","2013","37.48251554","10.56669266","7.08","-"
"135","AMHARa","Bahir- Dar ","AUGUST","2013","37.3815488","11.58416449","6.90","-"
"136","AMHARa","Sekota","AUGUST","2013","39.03355257","12.62479803","-","-"
"137","AMHARa","Amde Work ","AUGUST","2013","38.85815043","12.45920199","7.82","-"
"138","AMHARa","Danigla","AUGUST","2013","36.83153176","11.25223153","6.48","-"
"139","AMHARa","Chagni","AUGUST","2013","36.50793596","10.95196565","6.50","-"
"140","AMHARa","Kemise","AUGUST","2013","39.85696873","10.71374234","6.06","-"
"141","AMHARa","Bati","AUGUST","2013","40.0181327","11.19153266","6.80","-"
"142","AMHARa","Mota","DECEMBER","2013","37.8807432","11.07475582","5.05","-"
"143","AMHARa","Debre- markos ","DECEMBER","2013","37.72636868","10.33641293","5.96","-"
"144","AMHARa","Dembecha","DECEMBER","2013","37.48251554","10.56669266","5.15","-"
"145","AMHARa","Bahir- Dar ","DECEMBER","2013","37.3815488","11.58416449","6.65","-"
"146","AMHARa","Sekota","DECEMBER","2013","39.03355257","12.62479803","7.59","-"
"147","AMHARa","Amde Work ","DECEMBER","2013","38.85815043","12.45920199","7.99","-"
"148","AMHARa","Danigla","DECEMBER","2013","36.83153176","11.25223153","5.59","-"
"149","AMHARa","Chagni","DECEMBER","2013","36.50793596","10.95196565","5.00","-"
"150","AMHARa","Kemise","DECEMBER","2013","39.85696873","10.71374234","5.56","-"
"151","AMHARa","Bati","DECEMBER","2013","40.0181327","11.19153266","6.38","-"
"152","AMHARa","Mota","FEBRUARY","2014","37.8807432","11.07475582","5.05","-"
"153","AMHARa","Debre- markos ","FEBRUARY","2014","37.72636868","10.33641293","5.51","-"
"154","AMHARa","Dembecha","FEBRUARY","2014","37.48251554","10.56669266","5.19","-"
"155","AMHARa","Bahir- Dar ","FEBRUARY","2014","37.3815488","11.58416449","5.57","-"
"156","AMHARa","Sekota","FEBRUARY","2014","39.03355257","12.62479803","7.21","-"
"157","AMHARa","Amde Work ","FEBRUARY","2014","38.85815043","12.45920199","8.19","-"
"158","AMHARa","Danigla","FEBRUARY","2014","36.83153176","11.25223153","4.90","-"
"159","AMHARa","Chagni","FEBRUARY","2014","36.50793596","10.95196565","4.83","-"
"160","AMHARa","Kemise","FEBRUARY","2014","39.85696873","10.71374234","5.80","-"
"161","AMHARa","Bati","FEBRUARY","2014","40.0181327","11.19153266","5.80","-"
"162","AMHARa","Mota","JANUARY","2014","37.8807432","11.07475582","5.11","-"
"163","AMHARa","Debre- markos ","JANUARY","2014","37.72636868","10.33641293","5.81","-"
"164","AMHARa","Dembecha","JANUARY","2014","37.48251554","10.56669266","5.00","-"
"165","AMHARa","Bahir- Dar ","JANUARY","2014","37.3815488","11.58416449","5.93","-"
"166","AMHARa","Sekota","JANUARY","2014","39.03355257","12.62479803","7.86","-"
"167","AMHARa","Amde Work ","JANUARY","2014","38.85815043","12.45920199","7.95","-"
"168","AMHARa","Danigla","JANUARY","2014","36.83153176","11.25223153","4.86","-"
"169","AMHARa","Chagni","JANUARY","2014","36.50793596","10.95196565","5.93","-"
"170","AMHARa","Kemise","JANUARY","2014","39.85696873","10.71374234","5.94","-"
"171","AMHARa","Bati","JANUARY","2014","40.0181327","11.19153266","5.83","-"
"172","AMHARa","Mota","JULY","2013","37.8807432","11.07475582","7.10","-"
"173","AMHARa","Debre- markos ","JULY","2013","37.72636868","10.33641293","6.82","-"
"174","AMHARa","Dembecha","JULY","2013","37.48251554","10.56669266","6.34","-"
"175","AMHARa","Bahir- Dar ","JULY","2013","37.3815488","11.58416449","6.49","-"
"176","AMHARa","Sekota","JULY","2013","39.03355257","12.62479803","8.26","-"
"177","AMHARa","Amde Work ","JULY","2013","38.85815043","12.45920199","7.81","-"
"178","AMHARa","Danigla","JULY","2013","36.83153176","11.25223153","5.80","-"
"179","AMHARa","Chagni","JULY","2013","36.50793596","10.95196565","6.00","-"
"180","AMHARa","Kemise","JULY","2013","39.85696873","10.71374234","4.82","-"
"181","AMHARa","Bati","JULY","2013","40.0181327","11.19153266","6.84","-"
"182","AMHARa","Mota","JUNE","2014","37.8807432","11.07475582","5.27","-"
"183","AMHARa","Debre- markos ","JUNE","2014","37.72636868","10.33641293","6.36","-"
"184","AMHARa","Dembecha","JUNE","2014","37.48251554","10.56669266","5.64","-"
"185","AMHARa","Bahir- Dar ","JUNE","2014","37.3815488","11.58416449","6.32","-"
"186","AMHARa","Sekota","JUNE","2014","39.03355257","12.62479803","6.92","-"
"187","AMHARa","Amde Work ","JUNE","2014","38.85815043","12.45920199","8.49","-"
"188","AMHARa","Danigla","JUNE","2014","36.83153176","11.25223153","5.23","-"
"189","AMHARa","Chagni","JUNE","2014","36.50793596","10.95196565","5.00","-"
"190","AMHARa","Kemise","JUNE","2014","39.85696873","10.71374234","5.25","-"
"191","AMHARa","Bati","JUNE","2014","40.0181327","11.19153266","5.91","-"
"192","AMHARa","Mota","MAY","2014","37.8807432","11.07475582","5.27","-"
"193","AMHARa","Debre- markos ","MAY","2014","37.72636868","10.33641293","6.46","-"
"194","AMHARa","Dembecha","MAY","2014","37.48251554","10.56669266","5.40","-"
"195","AMHARa","Bahir- Dar ","MAY","2014","37.3815488","11.58416449","5.93","-"
"196","AMHARa","Sekota","MAY","2014","39.03355257","12.62479803","6.51","-"
"197","AMHARa","Amde Work ","MAY","2014","38.85815043","12.45920199","8.00","-"
"198","AMHARa","Danigla","MAY","2014","36.83153176","11.25223153","5.41","-"
"199","AMHARa","Chagni","MAY","2014","36.50793596","10.95196565","5.50","-"
"200","AMHARa","Kemise","MAY","2014","39.85696873","10.71374234","9.61","-"
"201","AMHARa","Bati","MAY","2014","40.0181327","11.19153266","6.20","-"
"202","AMHARa","Mota","NOVEMBER","2013","37.8807432","11.07475582","8.42","-"
"203","AMHARa","Debre- markos ","NOVEMBER","2013","37.72636868","10.33641293","9.24","-"
"204","AMHARa","Dembecha","NOVEMBER","2013","37.48251554","10.56669266","7.16","-"
"205","AMHARa","Bahir- Dar ","NOVEMBER","2013","37.3815488","11.58416449","8.66","-"
"206","AMHARa","Sekota","NOVEMBER","2013","39.03355257","12.62479803","8.06","-"
"207","AMHARa","Amde Work ","NOVEMBER","2013","38.85815043","12.45920199","7.83","-"
"208","AMHARa","Danigla","NOVEMBER","2013","36.83153176","11.25223153","7.84","-"
"209","AMHARa","Chagni","NOVEMBER","2013","36.50793596","10.95196565","8.00","-"
"210","AMHARa","Kemise","NOVEMBER","2013","39.85696873","10.71374234","6.88","-"
"211","AMHARa","Bati","NOVEMBER","2013","40.0181327","11.19153266","9.98","-"
"212","AMHARa","Mota","OCTOBER","2013","37.8807432","11.07475582","8.54","-"
"213","AMHARa","Debre- markos ","OCTOBER","2013","37.72636868","10.33641293","8.68","-"
"214","AMHARa","Dembecha","OCTOBER","2013","37.48251554","10.56669266","8.13","-"
"215","AMHARa","Bahir- Dar ","OCTOBER","2013","37.3815488","11.58416449","8.16","-"
"216","AMHARa","Sekota","OCTOBER","2013","39.03355257","12.62479803","8.82","-"
"217","AMHARa","Amde Work ","OCTOBER","2013","38.85815043","12.45920199","7.93","-"
"218","AMHARa","Danigla","OCTOBER","2013","36.83153176","11.25223153","8.21","-"
"219","AMHARa","Chagni","OCTOBER","2013","36.50793596","10.95196565","8.00","-"
"220","AMHARa","Kemise","OCTOBER","2013","39.85696873","10.71374234","8.36","-"
"221","AMHARa","Bati","OCTOBER","2013","40.0181327","11.19153266","9.97","-"
"222","AMHARa","Mota","SEPTEMBER","2013","37.8807432","11.07475582","7.20","-"
"223","AMHARa","Debre- markos ","SEPTEMBER","2013","37.72636868","10.33641293","8.34","-"
"224","AMHARa","Dembecha","SEPTEMBER","2013","37.48251554","10.56669266","7.01","-"
"225","AMHARa","Bahir- Dar ","SEPTEMBER","2013","37.3815488","11.58416449","7.83","-"
"226","AMHARa","Sekota","SEPTEMBER","2013","39.03355257","12.62479803","9.23","-"
"227","AMHARa","Amde Work ","SEPTEMBER","2013","38.85815043","12.45920199","7.96","-"
"228","AMHARa","Danigla","SEPTEMBER","2013","36.83153176","11.25223153","6.88","-"
"229","AMHARa","Chagni","SEPTEMBER","2013","36.50793596","10.95196565","7.00","-"
"230","AMHARa","Kemise","SEPTEMBER","2013","39.85696873","10.71374234","6.48","-"
"231","AMHARa","Bati","SEPTEMBER","2013","40.0181327","11.19153266","7.87","-"
"232","GAMBELLA","Gambella","APRIL","2014","34.58547076","8.249396585","6.00","7.00"
"233","GAMBELLA","Shebo- kire ","APRIL","2014",NA,NA,"5.03","-"
"234","GAMBELLA","Meti","APRIL","2014","7.233333333","35.31666667","5.83","-"
"235","HARARI","Harari Town","APRIL","2014","42.132193","9.309582","7.44","8.12"
"236","DIREDAWA","Dire Dawa ","APRIL","2014","41.8572763","9.593652332","8.00","-"
"237","DIREDAWA","Melka- Jebdu ","APRIL","2014","41.77420401","9.617496554","7.50","8.00"
"238","GAMBELLA","Gambella","AUGUST","2013","34.58547076","8.249396585","6.00","7.00"
"239","GAMBELLA","Shebo- kire ","AUGUST","2013",NA,NA,"5.15","-"
"240","GAMBELLA","Meti","AUGUST","2013","7.233333333","35.31666667","5.33","-"
"241","HARARI","Harari Town","AUGUST","2013","42.132193","9.309582","7.16","8.00"
"242","DIREDAWA","Dire Dawa ","AUGUST","2013","41.8572763","9.593652332","7.00","-"
"243","DIREDAWA","Melka- Jebdu ","AUGUST","2013","41.77420401","9.617496554","7.50","8.00"
"244","GAMBELLA","Gambella","DECEMBER","2013","34.58547076","8.249396585","6.00","7.00"
"245","GAMBELLA","Shebo- kire ","DECEMBER","2013",NA,NA,"4.00","-"
"246","GAMBELLA","Meti","DECEMBER","2013","7.233333333","35.31666667","5.00","-"
"247","HARARI","Harari Town","DECEMBER","2013","42.132193","9.309582","7.49","7.00"
"248","DIREDAWA","Dire Dawa ","DECEMBER","2013","41.8572763","9.593652332","8.32","-"
"249","DIREDAWA","Melka- Jebdu ","DECEMBER","2013","41.77420401","9.617496554","9.00","9.16"
"250","GAMBELLA","Gambella","FEBRUARY","2014","34.58547076","8.249396585","6.32","8.00"
"251","GAMBELLA","Shebo- kire ","FEBRUARY","2014",NA,NA,"3.08","-"
"252","GAMBELLA","Meti","FEBRUARY","2014","7.233333333","35.31666667","5.83","-"
"253","HARARI","Harari Town","FEBRUARY","2014","42.132193","9.309582","6.83","7.62"
"254","DIREDAWA","Dire Dawa ","FEBRUARY","2014","41.8572763","9.593652332","7.32","-"
"255","DIREDAWA","Melka- Jebdu ","FEBRUARY","2014","41.77420401","9.617496554","8.83","7.66"
"256","GAMBELLA","Gambella","JANUARY","2014","34.58547076","8.249396585","6.00","8.00"
"257","GAMBELLA","Shebo- kire ","JANUARY","2014",NA,NA,"4.17","-"
"258","GAMBELLA","Meti","JANUARY","2014","7.233333333","35.31666667","5.16","-"
"259","HARARI","Harari Town","JANUARY","2014","42.132193","9.309582","6.49","7.16"
"260","DIREDAWA","Dire Dawa ","JANUARY","2014","41.8572763","9.593652332","8.49","-"
"261","DIREDAWA","Melka- Jebdu ","JANUARY","2014","41.77420401","9.617496554","8.49","9.00"
"262","GAMBELLA","Gambella","JULY","2013","34.58547076","8.249396585","6.00","7.00"
"263","GAMBELLA","Shebo- kire ","JULY","2013",NA,NA,"4.74","-"
"264","GAMBELLA","Meti","JULY","2013","7.233333333","35.31666667","5.33","-"
"265","HARARI","Harari Town","JULY","2013","42.132193","9.309582","7.16","7.59"
"266","DIREDAWA","Dire Dawa ","JULY","2013","41.8572763","9.593652332","7.00","-"
"267","DIREDAWA","Melka- Jebdu ","JULY","2013","41.77420401","9.617496554","7.00","8.00"
"268","GAMBELLA","Gambella","JUNE","2014","34.58547076","8.249396585","6.00","7.00"
"269","GAMBELLA","Shebo- kire ","JUNE","2014",NA,NA,"5.05","-"
"270","GAMBELLA","Meti","JUNE","2014","7.233333333","35.31666667","6.00","-"
"271","HARARI","Harari Town","JUNE","2014","42.132193","9.309582","7.06","8.00"
"272","DIREDAWA","Dire Dawa ","JUNE","2014","41.8572763","9.593652332","7.32","-"
"273","DIREDAWA","Melka- Jebdu ","JUNE","2014","41.77420401","9.617496554","7.00","-"
"274","GAMBELLA","Gambella","MAY","2014","34.58547076","8.249396585","6.00","7.00"
"275","GAMBELLA","Shebo- kire ","MAY","2014",NA,NA,"5.03","-"
"276","GAMBELLA","Meti","MAY","2014","7.233333333","35.31666667","5.00","6.50"
"277","HARARI","Harari Town","MAY","2014","42.132193","9.309582","7.07","8.00"
"278","DIREDAWA","Dire Dawa ","MAY","2014","41.8572763","9.593652332","8.00","-"
"279","DIREDAWA","Melka- Jebdu ","MAY","2014","41.77420401","9.617496554","-","10.00"
"280","GAMBELLA","Gambella","NOVEMBER","2013","34.58547076","8.249396585","8.00","9.00"
"281","GAMBELLA","Shebo- kire ","NOVEMBER","2013",NA,NA,"5.51","-"
"282","GAMBELLA","Meti","NOVEMBER","2013","7.233333333","35.31666667","5.00","-"
"283","HARARI","Harari Town","NOVEMBER","2013","42.132193","9.309582","8.48","10.00"
"284","DIREDAWA","Dire Dawa ","NOVEMBER","2013","41.8572763","9.593652332","8.65","-"
"285","DIREDAWA","Melka- Jebdu ","NOVEMBER","2013","41.77420401","9.617496554","8.32","9.00"
"286","GAMBELLA","Gambella","OCTOBER","2013","34.58547076","8.249396585","7.00","7.83"
"287","GAMBELLA","Shebo- kire ","OCTOBER","2013",NA,NA,"5.07","-"
"288","GAMBELLA","Meti","OCTOBER","2013","7.233333333","35.31666667","5.33","-"
"289","HARARI","Harari Town","OCTOBER","2013","42.132193","9.309582","8.77","8.00"
"290","DIREDAWA","Dire Dawa ","OCTOBER","2013","41.8572763","9.593652332","8.00","-"
"291","DIREDAWA","Melka- Jebdu ","OCTOBER","2013","41.77420401","9.617496554","8.50","-"
"292","GAMBELLA","Gambella","SEPTEMBER","2013","34.58547076","8.249396585","7.00","8.00"
"293","GAMBELLA","Shebo- kire ","SEPTEMBER","2013",NA,NA,"5.23","-"
"294","GAMBELLA","Meti","SEPTEMBER","2013","7.233333333","35.31666667","5.16","-"
"295","HARARI","Harari Town","SEPTEMBER","2013","42.132193","9.309582","7.58","8.12"
"296","DIREDAWA","Dire Dawa ","SEPTEMBER","2013","41.8572763","9.593652332","7.00","8.00"
"297","DIREDAWA","Melka- Jebdu ","SEPTEMBER","2013","41.77420401","9.617496554","7.50","8.00"
"298","OROMIYA","Ghimbi","APRIL","2014","35.83291974","9.163103789","5.00","-"
"299","OROMIYA","Dembi- dolo ","APRIL","2014","34.79748694","8.530219501","4.00","-"
"300","OROMIYA","Shambu","APRIL","2014","37.09431432","9.569809208","4.92","-"
"301","OROMIYA","Nekemte","APRIL","2014","36.54851971","9.09042469","5.01","7.53"
"302","OROMIYA","Bedele","APRIL","2014","36.36017384","8.454821965","4.87","6.05"
"303","OROMIYA","Metu","APRIL","2014","35.58726864","8.300606827","5.00","7.00"
"304","OROMIYA","Jimma","APRIL","2014","36.84385226","7.672338798","6.00","8.46"
"305","OROMIYA","Agaro","APRIL","2014","36.58627683","7.848002731","5.88","10.00"
"306","OROMIYA","Ambo","APRIL","2014","37.8446066","8.976806527","5.93","-"
"307","OROMIYA","Weliso","APRIL","2014","37.97073066","8.534178897","5.83","6.72"
"308","OROMIYA","Ejere","APRIL","2014","39.262249","8.78288","6.14","-"
"309","OROMIYA","Fiche","APRIL","2014","38.73344116","9.791083661","6.46","-"
"310","OROMIYA","Ghimbi","AUGUST","2013","35.83291974","9.163103789","5.66","-"
"311","OROMIYA","Dembi- dolo ","AUGUST","2013","34.79748694","8.530219501","4.50","-"
"312","OROMIYA","Shambu","AUGUST","2013","37.09431432","9.569809208","6.55","-"
"313","OROMIYA","Nekemte","AUGUST","2013","36.54851971","9.09042469","6.00","5.71"
"314","OROMIYA","Bedele","AUGUST","2013","36.36017384","8.454821965","4.40","5.06"
"315","OROMIYA","Metu","AUGUST","2013","35.58726864","8.300606827","5.16","7.00"
"316","OROMIYA","Jimma","AUGUST","2013","36.84385226","7.672338798","7.00","8.57"
"317","OROMIYA","Agaro","AUGUST","2013","36.58627683","7.848002731","5.80","7.65"
"318","OROMIYA","Ambo","AUGUST","2013","37.8446066","8.976806527","6.53","-"
"319","OROMIYA","Weliso","AUGUST","2013","37.97073066","8.534178897","6.35","7.08"
"320","OROMIYA","Ejere","AUGUST","2013","39.262249","8.78288","7.06","-"
"321","OROMIYA","Fiche","AUGUST","2013","38.73344116","9.791083661","7.12","-"
"322","OROMIYA","Ghimbi","DECEMBER","2013","35.83291974","9.163103789","5.83","-"
"323","OROMIYA","Dembi- dolo ","DECEMBER","2013","34.79748694","8.530219501","4.00","-"
"324","OROMIYA","Shambu","DECEMBER","2013","37.09431432","9.569809208","5.76","-"
"325","OROMIYA","Nekemte","DECEMBER","2013","36.54851971","9.09042469","5.00","5.74"
"326","OROMIYA","Bedele","DECEMBER","2013","36.36017384","8.454821965","4.83","4.92"
"327","OROMIYA","Metu","DECEMBER","2013","35.58726864","8.300606827","4.33","7.00"
"328","OROMIYA","Jimma","DECEMBER","2013","36.84385226","7.672338798","5.50","8.57"
"329","OROMIYA","Agaro","DECEMBER","2013","36.58627683","7.848002731","4.71","8.00"
"330","OROMIYA","Ambo","DECEMBER","2013","37.8446066","8.976806527","5.22","-"
"331","OROMIYA","Weliso","DECEMBER","2013","37.97073066","8.534178897","5.05","10.72"
"332","OROMIYA","Ejere","DECEMBER","2013","39.262249","8.78288","6.09","-"
"333","OROMIYA","Fiche","DECEMBER","2013","38.73344116","9.791083661","6.31","-"
"334","OROMIYA","Ghimbi","FEBRUARY","2014","35.83291974","9.163103789","5.00","-"
"335","OROMIYA","Dembi- dolo ","FEBRUARY","2014","34.79748694","8.530219501","3.93","-"
"336","OROMIYA","Shambu","FEBRUARY","2014","37.09431432","9.569809208","5.49","-"
"337","OROMIYA","Nekemte","FEBRUARY","2014","36.54851971","9.09042469","4.40","6.40"
"338","OROMIYA","Bedele","FEBRUARY","2014","36.36017384","8.454821965","4.37","-"
"339","OROMIYA","Metu","FEBRUARY","2014","35.58726864","8.300606827","4.50","6.00"
"340","OROMIYA","Jimma","FEBRUARY","2014","36.84385226","7.672338798","6.00","10.57"
"341","OROMIYA","Agaro","FEBRUARY","2014","36.58627683","7.848002731","4.71","8.00"
"342","OROMIYA","Ambo","FEBRUARY","2014","37.8446066","8.976806527","5.33","-"
"343","OROMIYA","Weliso","FEBRUARY","2014","37.97073066","8.534178897","4.88","6.73"
"344","OROMIYA","Ejere","FEBRUARY","2014","39.262249","8.78288","6.23","-"
"345","OROMIYA","Fiche","FEBRUARY","2014","38.73344116","9.791083661","6.03","-"
"346","OROMIYA","Ghimbi","JANUARY","2014","35.83291974","9.163103789","5.00","-"
"347","OROMIYA","Dembi- dolo ","JANUARY","2014","34.79748694","8.530219501","4.00","-"
"348","OROMIYA","Shambu","JANUARY","2014","37.09431432","9.569809208","5.85","-"
"349","OROMIYA","Nekemte","JANUARY","2014","36.54851971","9.09042469","4.27","5.06"
"350","OROMIYA","Bedele","JANUARY","2014","36.36017384","8.454821965","5.00","6.25"
"351","OROMIYA","Metu","JANUARY","2014","35.58726864","8.300606827","4.50","6.00"
"352","OROMIYA","Jimma","JANUARY","2014","36.84385226","7.672338798","5.28","8.22"
"353","OROMIYA","Agaro","JANUARY","2014","36.58627683","7.848002731","4.71","8.00"
"354","OROMIYA","Ambo","JANUARY","2014","37.8446066","8.976806527","5.22","-"
"355","OROMIYA","Weliso","JANUARY","2014","37.97073066","8.534178897","5.57","6.93"
"356","OROMIYA","Ejere","JANUARY","2014","39.262249","8.78288","5.91","-"
"357","OROMIYA","Fiche","JANUARY","2014","38.73344116","9.791083661","5.72","-"
"358","OROMIYA","Ghimbi","JULY","2013","35.83291974","9.163103789","5.50","-"
"359","OROMIYA","Dembi- dolo ","JULY","2013","34.79748694","8.530219501","5.00","-"
"360","OROMIYA","Shambu","JULY","2013","37.09431432","9.569809208","5.72","-"
"361","OROMIYA","Nekemte","JULY","2013","36.54851971","9.09042469","5.50","4.97"
"362","OROMIYA","Bedele","JULY","2013","36.36017384","8.454821965","4.90","8.58"
"363","OROMIYA","Metu","JULY","2013","35.58726864","8.300606827","5.16","7.00"
"364","OROMIYA","Jimma","JULY","2013","36.84385226","7.672338798","6.37","8.57"
"365","OROMIYA","Agaro","JULY","2013","36.58627683","7.848002731","5.84","8.00"
"366","OROMIYA","Ambo","JULY","2013","37.8446066","8.976806527","7.15","-"
"367","OROMIYA","Weliso","JULY","2013","37.97073066","8.534178897","6.35","6.93"
"368","OROMIYA","Ejere","JULY","2013","39.262249","8.78288","6.71","-"
"369","OROMIYA","Fiche","JULY","2013","38.73344116","9.791083661","6.12","-"
"370","OROMIYA","Ghimbi","JUNE","2014","35.83291974","9.163103789","5.00","-"
"371","OROMIYA","Dembi- dolo ","JUNE","2014","34.79748694","8.530219501","4.00","-"
"372","OROMIYA","Shambu","JUNE","2014","37.09431432","9.569809208","5.45","-"
"373","OROMIYA","Nekemte","JUNE","2014","36.54851971","9.09042469","4.93","7.21"
"374","OROMIYA","Bedele","JUNE","2014","36.36017384","8.454821965","4.80","6.83"
"375","OROMIYA","Metu","JUNE","2014","35.58726864","8.300606827","5.00","7.00"
"376","OROMIYA","Jimma","JUNE","2014","36.84385226","7.672338798","6.00","10.57"
"377","OROMIYA","Agaro","JUNE","2014","36.58627683","7.848002731","5.59","8.00"
"378","OROMIYA","Ambo","JUNE","2014","37.8446066","8.976806527","6.21","-"
"379","OROMIYA","Weliso","JUNE","2014","37.97073066","8.534178897","5.63","8.57"
"380","OROMIYA","Ejere","JUNE","2014","39.262249","8.78288","7.28","-"
"381","OROMIYA","Fiche","JUNE","2014","38.73344116","9.791083661","6.46","-"
"382","OROMIYA","Ghimbi","MAY","2014","35.83291974","9.163103789","5.00","-"
"383","OROMIYA","Dembi- dolo ","MAY","2014","34.79748694","8.530219501","4.00","-"
"384","OROMIYA","Shambu","MAY","2014","37.09431432","9.569809208","5.08","-"
"385","OROMIYA","Nekemte","MAY","2014","36.54851971","9.09042469","5.00","5.87"
"386","OROMIYA","Bedele","MAY","2014","36.36017384","8.454821965","4.50","7.38"
"387","OROMIYA","Metu","MAY","2014","35.58726864","8.300606827","5.00","7.00"
"388","OROMIYA","Jimma","MAY","2014","36.84385226","7.672338798","6.00","8.45"
"389","OROMIYA","Agaro","MAY","2014","36.58627683","7.848002731","5.29","8.00"
"390","OROMIYA","Ambo","MAY","2014","37.8446066","8.976806527","5.68","-"
"391","OROMIYA","Weliso","MAY","2014","37.97073066","8.534178897","5.37","8.84"
"392","OROMIYA","Ejere","MAY","2014","39.262249","8.78288","6.78","-"
"393","OROMIYA","Fiche","MAY","2014","38.73344116","9.791083661","6.29","-"
"394","OROMIYA","Ghimbi","NOVEMBER","2013","35.83291974","9.163103789","7.50","-"
"395","OROMIYA","Dembi- dolo ","NOVEMBER","2013","34.79748694","8.530219501","7.00","-"
"396","OROMIYA","Shambu","NOVEMBER","2013","37.09431432","9.569809208","8.96","-"
"397","OROMIYA","Nekemte","NOVEMBER","2013","36.54851971","9.09042469","7.00","7.16"
"398","OROMIYA","Bedele","NOVEMBER","2013","36.36017384","8.454821965","5.00","8.97"
"399","OROMIYA","Metu","NOVEMBER","2013","35.58726864","8.300606827","6.16","7.50"
"400","OROMIYA","Jimma","NOVEMBER","2013","36.84385226","7.672338798","6.65","10.72"
"401","OROMIYA","Agaro","NOVEMBER","2013","36.58627683","7.848002731","5.88","8.66"
"402","OROMIYA","Ambo","NOVEMBER","2013","37.8446066","8.976806527","9.00","-"
"403","OROMIYA","Weliso","NOVEMBER","2013","37.97073066","8.534178897","6.35","11.55"
"404","OROMIYA","Ejere","NOVEMBER","2013","39.262249","8.78288","7.14","-"
"405","OROMIYA","Fiche","NOVEMBER","2013","38.73344116","9.791083661","7.18","-"
"406","OROMIYA","Ghimbi","OCTOBER","2013","35.83291974","9.163103789","8.16","-"
"407","OROMIYA","Dembi- dolo ","OCTOBER","2013","34.79748694","8.530219501","7.00","-"
"408","OROMIYA","Shambu","OCTOBER","2013","37.09431432","9.569809208","8.94","-"
"409","OROMIYA","Nekemte","OCTOBER","2013","36.54851971","9.09042469","7.63","7.09"
"410","OROMIYA","Bedele","OCTOBER","2013","36.36017384","8.454821965","7.32","7.44"
"411","OROMIYA","Metu","OCTOBER","2013","35.58726864","8.300606827","6.49","9.00"
"412","OROMIYA","Jimma","OCTOBER","2013","36.84385226","7.672338798","7.32","10.57"
"413","OROMIYA","Agaro","OCTOBER","2013","36.58627683","7.848002731","7.35","10.00"
"414","OROMIYA","Ambo","OCTOBER","2013","37.8446066","8.976806527","9.01","-"
"415","OROMIYA","Weliso","OCTOBER","2013","37.97073066","8.534178897","7.84","11.20"
"416","OROMIYA","Ejere","OCTOBER","2013","39.262249","8.78288","7.18","-"
"417","OROMIYA","Fiche","OCTOBER","2013","38.73344116","9.791083661","7.36","-"
"418","OROMIYA","Ghimbi","SEPTEMBER","2013","35.83291974","9.163103789","6.83","-"
"419","OROMIYA","Dembi- dolo ","SEPTEMBER","2013","34.79748694","8.530219501","5.00","-"
"420","OROMIYA","Shambu","SEPTEMBER","2013","37.09431432","9.569809208","7.11","-"
"421","OROMIYA","Nekemte","SEPTEMBER","2013","36.54851971","9.09042469","6.67","-"
"422","OROMIYA","Bedele","SEPTEMBER","2013","36.36017384","8.454821965","7.67","-"
"423","OROMIYA","Metu","SEPTEMBER","2013","35.58726864","8.300606827","6.83","9.00"
"424","OROMIYA","Jimma","SEPTEMBER","2013","36.84385226","7.672338798","7.00","10.72"
"425","OROMIYA","Agaro","SEPTEMBER","2013","36.58627683","7.848002731","7.35","10.00"
"426","OROMIYA","Ambo","SEPTEMBER","2013","37.8446066","8.976806527","7.56","-"
"427","OROMIYA","Weliso","SEPTEMBER","2013","37.97073066","8.534178897","7.75","8.84"
"428","OROMIYA","Ejere","SEPTEMBER","2013","39.262249","8.78288","6.92","-"
"429","OROMIYA","Fiche","SEPTEMBER","2013","38.73344116","9.791083661","7.69","-"
"430","OROMIYA","Nazareth","APRIL","2014","39.26941988","8.535362997","6.50","10.32"
"431","OROMIYA","Shashe-","APRIL","2014","38.608142","7.205388","5.50","-"
"432","OROMIYA","Diksise","APRIL","2014","39.55824","8.059179","-","-"
"433","OROMIYA","Asella","APRIL","2014","39.12972322","7.949589951","5.16","10.00"
"434","OROMIYA","Asebe- Teferi ","APRIL","2014","40.86319806","9.072493603","6.66","7.16"
"435","OROMIYA","Bedessa","APRIL","2014","40.77378712","8.902011546","6.24","-"
"436","OROMIYA","Alemaya","APRIL","2014","42.01641123","9.379383214","6.00","7.83"
"437","OROMIYA","Boreda","APRIL","2014","41.278686","9.331067","6.16","-"
"438","OROMIYA","Adaba","APRIL","2014","39.3890878","7.004454253","5.52","8.00"
"439","OROMIYA","Robe","APRIL","2014","39.631104","7.860619","5.51","-"
"440","OROMIYA","Hagere- Mariam ","APRIL","2014","38.23373735","5.63380625","6.00","6.50"
"441","OROMIYA","Negele- Borena ","APRIL","2014","39.577385","5.33699","5.74","12.35"
"442","OROMIYA","Nazareth","AUGUST","2013","39.26941988","8.535362997","6.16","10.00"
"443","OROMIYA","Shashe-","AUGUST","2013","38.608142","7.205388","7.00","-"
"444","OROMIYA","Diksise","AUGUST","2013","39.55824","8.059179","6.67","-"
"445","OROMIYA","Asella","AUGUST","2013","39.12972322","7.949589951","6.83","11.00"
"446","OROMIYA","Asebe- Teferi ","AUGUST","2013","40.86319806","9.072493603","7.16","8.00"
"447","OROMIYA","Bedessa","AUGUST","2013","40.77378712","8.902011546","6.83","8.00"
"448","OROMIYA","Alemaya","AUGUST","2013","42.01641123","9.379383214","7.00","7.83"
"449","OROMIYA","Boreda","AUGUST","2013","41.278686","9.331067","6.83","-"
"450","OROMIYA","Adaba","AUGUST","2013","39.3890878","7.004454253","5.64","-"
"451","OROMIYA","Robe","AUGUST","2013","39.631104","7.860619","6.30","7.16"
"452","OROMIYA","Hagere- Mariam ","AUGUST","2013","38.23373735","5.63380625","6.66","7.33"
"453","OROMIYA","Negele- Borena ","AUGUST","2013","39.577385","5.33699","5.26","8.67"
"454","OROMIYA","Nazareth","DECEMBER","2013","39.26941988","8.535362997","7.83","10.00"
"455","OROMIYA","Shashe-","DECEMBER","2013","38.608142","7.205388","5.50","-"
"456","OROMIYA","Diksise","DECEMBER","2013","39.55824","8.059179","7.96","-"
"457","OROMIYA","Asella","DECEMBER","2013","39.12972322","7.949589951","7.16","10.00"
"458","OROMIYA","Asebe- Teferi ","DECEMBER","2013","40.86319806","9.072493603","7.00","8.00"
"459","OROMIYA","Bedessa","DECEMBER","2013","40.77378712","8.902011546","6.00","9.00"
"460","OROMIYA","Alemaya","DECEMBER","2013","42.01641123","9.379383214","7.99","-"
"461","OROMIYA","Boreda","DECEMBER","2013","41.278686","9.331067","6.83","-"
"462","OROMIYA","Adaba","DECEMBER","2013","39.3890878","7.004454253","4.41","7.66"
"463","OROMIYA","Robe","DECEMBER","2013","39.631104","7.860619","4.29","-"
"464","OROMIYA","Hagere- Mariam ","DECEMBER","2013","38.23373735","5.63380625","5.50","6.00"
"465","OROMIYA","Negele- Borena ","DECEMBER","2013","39.577385","5.33699","5.61","10.65"
"466","OROMIYA","Nazareth","FEBRUARY","2014","39.26941988","8.535362997","6.24","10.32"
"467","OROMIYA","Shashe-","FEBRUARY","2014","38.608142","7.205388","5.50","-"
"468","OROMIYA","Diksise","FEBRUARY","2014","39.55824","8.059179","6.30","-"
"469","OROMIYA","Asella","FEBRUARY","2014","39.12972322","7.949589951","5.50","10.00"
"470","OROMIYA","Asebe- Teferi ","FEBRUARY","2014","40.86319806","9.072493603","6.16","7.00"
"471","OROMIYA","Bedessa","FEBRUARY","2014","40.77378712","8.902011546","5.53","7.00"
"472","OROMIYA","Alemaya","FEBRUARY","2014","42.01641123","9.379383214","5.83","7.33"
"473","OROMIYA","Boreda","FEBRUARY","2014","41.278686","9.331067","6.00","-"
"474","OROMIYA","Adaba","FEBRUARY","2014","39.3890878","7.004454253","5.52","7.50"
"475","OROMIYA","Robe","FEBRUARY","2014","39.631104","7.860619","4.89","-"
"476","OROMIYA","Hagere- Mariam ","FEBRUARY","2014","38.23373735","5.63380625","5.66","6.16"
"477","OROMIYA","Negele- Borena ","FEBRUARY","2014","39.577385","5.33699","5.71","10.96"
"478","OROMIYA","Nazareth","JANUARY","2014","39.26941988","8.535362997","6.33","10.32"
"479","OROMIYA","Shashe-","JANUARY","2014","38.608142","7.205388","5.50","-"
"480","OROMIYA","Diksise","JANUARY","2014","39.55824","8.059179","6.20","-"
"481","OROMIYA","Asella","JANUARY","2014","39.12972322","7.949589951","5.50","10.00"
"482","OROMIYA","Asebe- Teferi ","JANUARY","2014","40.86319806","9.072493603","5.83","7.00"
"483","OROMIYA","Bedessa","JANUARY","2014","40.77378712","8.902011546","5.83","9.00"
"484","OROMIYA","Alemaya","JANUARY","2014","42.01641123","9.379383214","5.33","7.16"
"485","OROMIYA","Boreda","JANUARY","2014","41.278686","9.331067","7.00","-"
"486","OROMIYA","Adaba","JANUARY","2014","39.3890878","7.004454253","5.53","7.66"
"487","OROMIYA","Robe","JANUARY","2014","39.631104","7.860619","4.92","-"
"488","OROMIYA","Hagere- Mariam ","JANUARY","2014","38.23373735","5.63380625","5.50","6.00"
"489","OROMIYA","Negele- Borena ","JANUARY","2014","39.577385","5.33699","5.80","12.20"
"490","OROMIYA","Nazareth","JULY","2013","39.26941988","8.535362997","6.33","10.00"
"491","OROMIYA","Shashe-","JULY","2013","38.608142","7.205388","6.83","-"
"492","OROMIYA","Diksise","JULY","2013","39.55824","8.059179","8.22","-"
"493","OROMIYA","Asella","JULY","2013","39.12972322","7.949589951","6.66","9.00"
"494","OROMIYA","Asebe- Teferi ","JULY","2013","40.86319806","9.072493603","6.86","7.83"
"495","OROMIYA","Bedessa","JULY","2013","40.77378712","8.902011546","6.50","7.93"
"496","OROMIYA","Alemaya","JULY","2013","42.01641123","9.379383214","7.00","8.00"
"497","OROMIYA","Boreda","JULY","2013","41.278686","9.331067","6.50","-"
"498","OROMIYA","Adaba","JULY","2013","39.3890878","7.004454253","5.64","-"
"499","OROMIYA","Robe","JULY","2013","39.631104","7.860619","6.30","7.16"
"500","OROMIYA","Hagere- Mariam ","JULY","2013","38.23373735","5.63380625","6.00","6.50"
"501","OROMIYA","Negele- Borena ","JULY","2013","39.577385","5.33699","5.29","10.40"
"502","OROMIYA","Nazareth","JUNE","2014","39.26941988","8.535362997","6.50","10.00"
"503","OROMIYA","Shashe-","JUNE","2014","38.608142","7.205388","6.50","-"
"504","OROMIYA","Diksise","JUNE","2014","39.55824","8.059179","7.06","-"
"505","OROMIYA","Asella","JUNE","2014","39.12972322","7.949589951","6.00","10.00"
"506","OROMIYA","Asebe- Teferi ","JUNE","2014","40.86319806","9.072493603","6.50","7.83"
"507","OROMIYA","Bedessa","JUNE","2014","40.77378712","8.902011546","6.00","-"
"508","OROMIYA","Alemaya","JUNE","2014","42.01641123","9.379383214","6.83","8.16"
"509","OROMIYA","Boreda","JUNE","2014","41.278686","9.331067","6.50","-"
"510","OROMIYA","Adaba","JUNE","2014","39.3890878","7.004454253","6.22","9.00"
"511","OROMIYA","Robe","JUNE","2014","39.631104","7.860619","6.34","-"
"512","OROMIYA","Hagere- Mariam ","JUNE","2014","38.23373735","5.63380625","6.00","6.50"
"513","OROMIYA","Negele- Borena ","JUNE","2014","39.577385","5.33699","5.94","14.07"
"514","OROMIYA","Nazareth","MAY","2014","39.26941988","8.535362997","6.50","10.00"
"515","OROMIYA","Shashe-","MAY","2014","38.608142","7.205388","5.50","-"
"516","OROMIYA","Diksise","MAY","2014","39.55824","8.059179","7.32","-"
"517","OROMIYA","Asella","MAY","2014","39.12972322","7.949589951","5.66","10.00"
"518","OROMIYA","Asebe- Teferi ","MAY","2014","40.86319806","9.072493603","6.43","7.00"
"519","OROMIYA","Bedessa","MAY","2014","40.77378712","8.902011546","6.83","-"
"520","OROMIYA","Alemaya","MAY","2014","42.01641123","9.379383214","7.16","8.00"
"521","OROMIYA","Boreda","MAY","2014","41.278686","9.331067","6.32","-"
"522","OROMIYA","Adaba","MAY","2014","39.3890878","7.004454253","6.24","9.00"
"523","OROMIYA","Robe","MAY","2014","39.631104","7.860619","5.82","-"
"524","OROMIYA","Hagere- Mariam ","MAY","2014","38.23373735","5.63380625","6.00","6.50"
"525","OROMIYA","Negele- Borena ","MAY","2014","39.577385","5.33699","7.14","11.83"
"526","OROMIYA","Nazareth","NOVEMBER","2013","39.26941988","8.535362997","7.66","10.00"
"527","OROMIYA","Shashe-","NOVEMBER","2013","38.608142","7.205388","5.50","-"
"528","OROMIYA","Diksise","NOVEMBER","2013","39.55824","8.059179","7.80","-"
"529","OROMIYA","Asella","NOVEMBER","2013","39.12972322","7.949589951","6.00","11.00"
"530","OROMIYA","Asebe- Teferi ","NOVEMBER","2013","40.86319806","9.072493603","8.16","9.00"
"531","OROMIYA","Bedessa","NOVEMBER","2013","40.77378712","8.902011546","7.00","8.50"
"532","OROMIYA","Alemaya","NOVEMBER","2013","42.01641123","9.379383214","7.83","-"
"533","OROMIYA","Boreda","NOVEMBER","2013","41.278686","9.331067","6.83","-"
"534","OROMIYA","Adaba","NOVEMBER","2013","39.3890878","7.004454253","5.47","8.00"
"535","OROMIYA","Robe","NOVEMBER","2013","39.631104","7.860619","6.43","-"
"536","OROMIYA","Hagere- Mariam ","NOVEMBER","2013","38.23373735","5.63380625","5.16","5.66"
"537","OROMIYA","Negele- Borena ","NOVEMBER","2013","39.577385","5.33699","5.07","10.78"
"538","OROMIYA","Nazareth","OCTOBER","2013","39.26941988","8.535362997","9.00","10.00"
"539","OROMIYA","Shashe-","OCTOBER","2013","38.608142","7.205388","6.00","-"
"540","OROMIYA","Diksise","OCTOBER","2013","39.55824","8.059179","8.89","-"
"541","OROMIYA","Asella","OCTOBER","2013","39.12972322","7.949589951","7.00","12.00"
"542","OROMIYA","Asebe- Teferi ","OCTOBER","2013","40.86319806","9.072493603","9.16","10.00"
"543","OROMIYA","Bedessa","OCTOBER","2013","40.77378712","8.902011546","8.00","9.00"
"544","OROMIYA","Alemaya","OCTOBER","2013","42.01641123","9.379383214","8.16","-"
"545","OROMIYA","Boreda","OCTOBER","2013","41.278686","9.331067","7.66","-"
"546","OROMIYA","Adaba","OCTOBER","2013","39.3890878","7.004454253","6.29","8.33"
"547","OROMIYA","Robe","OCTOBER","2013","39.631104","7.860619","7.38","-"
"548","OROMIYA","Hagere- Mariam ","OCTOBER","2013","38.23373735","5.63380625","6.00","6.50"
"549","OROMIYA","Negele- Borena ","OCTOBER","2013","39.577385","5.33699","5.74","10.87"
"550","OROMIYA","Nazareth","SEPTEMBER","2013","39.26941988","8.535362997","6.00","10.00"
"551","OROMIYA","Shashe-","SEPTEMBER","2013","38.608142","7.205388","5.66","-"
"552","OROMIYA","Diksise","SEPTEMBER","2013","39.55824","8.059179","7.79","-"
"553","OROMIYA","Asella","SEPTEMBER","2013","39.12972322","7.949589951","7.50","10.66"
"554","OROMIYA","Asebe- Teferi ","SEPTEMBER","2013","40.86319806","9.072493603","8.00","9.00"
"555","OROMIYA","Bedessa","SEPTEMBER","2013","40.77378712","8.902011546","7.26","9.00"
"556","OROMIYA","Alemaya","SEPTEMBER","2013","42.01641123","9.379383214","8.00","8.00"
"557","OROMIYA","Boreda","SEPTEMBER","2013","41.278686","9.331067","7.36","-"
"558","OROMIYA","Adaba","SEPTEMBER","2013","39.3890878","7.004454253","6.28","8.25"
"559","OROMIYA","Robe","SEPTEMBER","2013","39.631104","7.860619","6.10","-"
"560","OROMIYA","Hagere- Mariam ","SEPTEMBER","2013","38.23373735","5.63380625","5.00","-"
"561","OROMIYA","Negele- Borena ","SEPTEMBER","2013","39.577385","5.33699","4.39","11.76"
"562","SNNP","Welikite","APRIL","2014","37.77266735","8.27732366","5.00","5.79"
"563","SNNP","Butajira","APRIL","2014","38.42140499","8.173264069","5.31","9.00"
"564","SNNP","Hosahna","APRIL","2014","37.84747123","7.538579317","6.00","5.00"
"565","SNNP","Shone","APRIL","2014","37.94869425","7.134857075","5.27","6.53"
"566","SNNP","Doyugena","APRIL","2014","37.78333","7.33333","6.00","7.90"
"567","SNNP","Alaba","APRIL","2014","38.086143","7.311546","5.30","8.00"
"568","SNNP","Awasa","APRIL","2014","38.474819","7.058624","6.00","7.00"
"569","SNNP","Hagere- Selam ","APRIL","2014","38.51921184","6.513880636","5.17","6.16"
"570","SNNP","Dilla","APRIL","2014","38.30745962","6.410516676","5.16","5.83"
"571","SNNP","Yirega-¦ chefie ","APRIL","2014","38.1988827","6.16095383","5.33","6.50"
"572","SNNP","Welikite","AUGUST","2013","37.77266735","8.27732366","6.43","7.43"
"573","SNNP","Butajira","AUGUST","2013","38.42140499","8.173264069","6.89","-"
"574","SNNP","Hosahna","AUGUST","2013","37.84747123","7.538579317","6.50","4.70"
"575","SNNP","Shone","AUGUST","2013","37.94869425","7.134857075","5.27","6.46"
"576","SNNP","Doyugena","AUGUST","2013","37.78333","7.33333","7.00","10.00"
"577","SNNP","Alaba","AUGUST","2013","38.086143","7.311546","6.80","9.00"
"578","SNNP","Awasa","AUGUST","2013","38.474819","7.058624","-","-"
"579","SNNP","Hagere- Selam ","AUGUST","2013","38.51921184","6.513880636","6.29","7.00"
"580","SNNP","Dilla","AUGUST","2013","38.30745962","6.410516676","7.00","7.66"
"581","SNNP","Yirega-¦ chefie ","AUGUST","2013","38.1988827","6.16095383","5.53","6.50"
"582","SNNP","Welikite","DECEMBER","2013","37.77266735","8.27732366","4.60","7.14"
"583","SNNP","Butajira","DECEMBER","2013","38.42140499","8.173264069","4.73","9.00"
"584","SNNP","Hosahna","DECEMBER","2013","37.84747123","7.538579317","5.50","4.92"
"585","SNNP","Shone","DECEMBER","2013","37.94869425","7.134857075","4.83","6.67"
"586","SNNP","Doyugena","DECEMBER","2013","37.78333","7.33333","5.30","8.00"
"587","SNNP","Alaba","DECEMBER","2013","38.086143","7.311546","5.00","5.50"
"588","SNNP","Awasa","DECEMBER","2013","38.474819","7.058624","5.50","-"
"589","SNNP","Hagere- Selam ","DECEMBER","2013","38.51921184","6.513880636","5.17","6.32"
"590","SNNP","Dilla","DECEMBER","2013","38.30745962","6.410516676","5.83","6.33"
"591","SNNP","Yirega-¦ chefie ","DECEMBER","2013","38.1988827","6.16095383","5.08","6.50"
"592","SNNP","Welikite","FEBRUARY","2014","37.77266735","8.27732366","4.50","6.39"
"593","SNNP","Butajira","FEBRUARY","2014","38.42140499","8.173264069","5.21","9.00"
"594","SNNP","Hosahna","FEBRUARY","2014","37.84747123","7.538579317","5.50","4.48"
"595","SNNP","Shone","FEBRUARY","2014","37.94869425","7.134857075","5.33","6.61"
"596","SNNP","Doyugena","FEBRUARY","2014","37.78333","7.33333","5.47","8.00"
"597","SNNP","Alaba","FEBRUARY","2014","38.086143","7.311546","4.70","5.50"
"598","SNNP","Awasa","FEBRUARY","2014","38.474819","7.058624","6.00","-"
"599","SNNP","Hagere- Selam ","FEBRUARY","2014","38.51921184","6.513880636","5.10","6.00"
"600","SNNP","Dilla","FEBRUARY","2014","38.30745962","6.410516676","5.16","6.00"
"601","SNNP","Yirega-¦ chefie ","FEBRUARY","2014","38.1988827","6.16095383","4.83","5.50"
"602","SNNP","Welikite","JANUARY","2014","37.77266735","8.27732366","4.67","6.00"
"603","SNNP","Butajira","JANUARY","2014","38.42140499","8.173264069","5.41","9.00"
"604","SNNP","Hosahna","JANUARY","2014","37.84747123","7.538579317","5.50","4.42"
"605","SNNP","Shone","JANUARY","2014","37.94869425","7.134857075","5.23","6.67"
"606","SNNP","Doyugena","JANUARY","2014","37.78333","7.33333","5.40","8.00"
"607","SNNP","Alaba","JANUARY","2014","38.086143","7.311546","5.00","8.00"
"608","SNNP","Awasa","JANUARY","2014","38.474819","7.058624","6.00","-"
"609","SNNP","Hagere- Selam ","JANUARY","2014","38.51921184","6.513880636","5.12","6.00"
"610","SNNP","Dilla","JANUARY","2014","38.30745962","6.410516676","5.33","6.00"
"611","SNNP","Yirega-¦ chefie ","JANUARY","2014","38.1988827","6.16095383","5.33","6.50"
"612","SNNP","Welikite","JULY","2013","37.77266735","8.27732366","5.76","7.18"
"613","SNNP","Butajira","JULY","2013","38.42140499","8.173264069","6.89","-"
"614","SNNP","Hosahna","JULY","2013","37.84747123","7.538579317","6.50","5.47"
"615","SNNP","Shone","JULY","2013","37.94869425","7.134857075","5.77","6.82"
"616","SNNP","Doyugena","JULY","2013","37.78333","7.33333","-","9.87"
"617","SNNP","Alaba","JULY","2013","38.086143","7.311546","-","-"
"618","SNNP","Awasa","JULY","2013","38.474819","7.058624","6.43","-"
"619","SNNP","Hagere- Selam ","JULY","2013","38.51921184","6.513880636","5.57","7.00"
"620","SNNP","Dilla","JULY","2013","38.30745962","6.410516676","6.00","7.00"
"621","SNNP","Yirega-¦ chefie ","JULY","2013","38.1988827","6.16095383","5.53","6.50"
"622","SNNP","Welikite","JUNE","2014","37.77266735","8.27732366","5.80","7.35"
"623","SNNP","Butajira","JUNE","2014","38.42140499","8.173264069","5.13","9.00"
"624","SNNP","Hosahna","JUNE","2014","37.84747123","7.538579317","6.20","-"
"625","SNNP","Shone","JUNE","2014","37.94869425","7.134857075","5.87","6.99"
"626","SNNP","Doyugena","JUNE","2014","37.78333","7.33333","6.13","10.00"
"627","SNNP","Alaba","JUNE","2014","38.086143","7.311546","5.50","9.00"
"628","SNNP","Awasa","JUNE","2014","38.474819","7.058624","6.50","7.00"
"629","SNNP","Hagere- Selam ","JUNE","2014","38.51921184","6.513880636","5.76","6.66"
"630","SNNP","Dilla","JUNE","2014","38.30745962","6.410516676","6.16","6.66"
"631","SNNP","Yirega-¦ chefie ","JUNE","2014","38.1988827","6.16095383","5.58","6.58"
"632","SNNP","Welikite","MAY","2014","37.77266735","8.27732366","5.47","7.62"
"633","SNNP","Butajira","MAY","2014","38.42140499","8.173264069","5.71","9.00"
"634","SNNP","Hosahna","MAY","2014","37.84747123","7.538579317","6.30","4.84"
"635","SNNP","Shone","MAY","2014","37.94869425","7.134857075","5.27","6.60"
"636","SNNP","Doyugena","MAY","2014","37.78333","7.33333","6.00","10.00"
"637","SNNP","Alaba","MAY","2014","38.086143","7.311546","5.00","6.00"
"638","SNNP","Awasa","MAY","2014","38.474819","7.058624","5.50","7.00"
"639","SNNP","Hagere- Selam ","MAY","2014","38.51921184","6.513880636","5.54","6.49"
"640","SNNP","Dilla","MAY","2014","38.30745962","6.410516676","6.00","6.83"
"641","SNNP","Yirega-¦ chefie ","MAY","2014","38.1988827","6.16095383","5.08","6.16"
"642","SNNP","Welikite","NOVEMBER","2013","37.77266735","8.27732366","5.87","7.32"
"643","SNNP","Butajira","NOVEMBER","2013","38.42140499","8.173264069","5.86","9.00"
"644","SNNP","Hosahna","NOVEMBER","2013","37.84747123","7.538579317","6.50","5.00"
"645","SNNP","Shone","NOVEMBER","2013","37.94869425","7.134857075","5.37","7.07"
"646","SNNP","Doyugena","NOVEMBER","2013","37.78333","7.33333","5.70","8.00"
"647","SNNP","Alaba","NOVEMBER","2013","38.086143","7.311546","4.00","5.00"
"648","SNNP","Awasa","NOVEMBER","2013","38.474819","7.058624","7.50","-"
"649","SNNP","Hagere- Selam ","NOVEMBER","2013","38.51921184","6.513880636","5.91","7.00"
"650","SNNP","Dilla","NOVEMBER","2013","38.30745962","6.410516676","5.83","6.16"
"651","SNNP","Yirega-¦ chefie ","NOVEMBER","2013","38.1988827","6.16095383","5.37","6.50"
"652","SNNP","Welikite","OCTOBER","2013","37.77266735","8.27732366","5.80","8.33"
"653","SNNP","Butajira","OCTOBER","2013","38.42140499","8.173264069","6.49","9.00"
"654","SNNP","Hosahna","OCTOBER","2013","37.84747123","7.538579317","6.50","4.85"
"655","SNNP","Shone","OCTOBER","2013","37.94869425","7.134857075","4.57","6.53"
"656","SNNP","Doyugena","OCTOBER","2013","37.78333","7.33333","8.00","10.80"
"657","SNNP","Alaba","OCTOBER","2013","38.086143","7.311546","5.00","8.00"
"658","SNNP","Awasa","OCTOBER","2013","38.474819","7.058624","7.50","-"
"659","SNNP","Hagere- Selam ","OCTOBER","2013","38.51921184","6.513880636","5.94","7.16"
"660","SNNP","Dilla","OCTOBER","2013","38.30745962","6.410516676","6.49","7.33"
"661","SNNP","Yirega-¦ chefie ","OCTOBER","2013","38.1988827","6.16095383","5.37","6.83"
"662","SNNP","Welikite","SEPTEMBER","2013","37.77266735","8.27732366","6.90","8.20"
"663","SNNP","Butajira","SEPTEMBER","2013","38.42140499","8.173264069","8.57","9.00"
"664","SNNP","Hosahna","SEPTEMBER","2013","37.84747123","7.538579317","7.50","7.70"
"665","SNNP","Shone","SEPTEMBER","2013","37.94869425","7.134857075","4.93","6.61"
"666","SNNP","Doyugena","SEPTEMBER","2013","37.78333","7.33333","7.63","10.00"
"667","SNNP","Alaba","SEPTEMBER","2013","38.086143","7.311546","6.00","8.00"
"668","SNNP","Awasa","SEPTEMBER","2013","38.474819","7.058624","7.50","-"
"669","SNNP","Hagere- Selam ","SEPTEMBER","2013","38.51921184","6.513880636","5.63","7.16"
"670","SNNP","Dilla","SEPTEMBER","2013","38.30745962","6.410516676","6.32","7.32"
"671","SNNP","Yirega-¦ chefie ","SEPTEMBER","2013","38.1988827","6.16095383","5.60","6.66"
"672","SNNP","Welayita sodo ","APRIL","2014","37.766643","6.86176","5.76","9.80"
"673","SNNP","Bodite","APRIL","2014","37.89064905","7.038034865","5.73","7.63"
"674","SNNP","Jinka","APRIL","2014","36.56441614","5.78310286","5.15","9.26"
"675","SNNP","Dimeka","APRIL","2014","36.45041198","4.892522922","5.76","9.93"
"676","SNNP","Masha","APRIL","2014","35.47956686","7.741652627","6.00","8.00"
"677","SNNP","Tepi","APRIL","2014","35.36770327","7.320015599","6.00","7.00"
"678","SNNP","Boniga","APRIL","2014","36.24008346","7.388535704","5.66","-"
"679","SNNP","Chana","APRIL","2014","36.11775846","6.226550231","5.00","-"
"680","SNNP","Arbam- minch ","APRIL","2014","37.5527474","6.024547891","6.33","9.21"
"681","SNNP","Sawla","APRIL","2014","36.87437474","6.300226567","5.57","15.00"
"682","SNNP","Welayita sodo ","AUGUST","2013","37.766643","6.86176","6.63","8.82"
"683","SNNP","Bodite","AUGUST","2013","37.89064905","7.038034865","7.00","9.46"
"684","SNNP","Jinka","AUGUST","2013","36.56441614","5.78310286","6.55","9.62"
"685","SNNP","Dimeka","AUGUST","2013","36.45041198","4.892522922","-","9.43"
"686","SNNP","Masha","AUGUST","2013","35.47956686","7.741652627","5.03","-"
"687","SNNP","Tepi","AUGUST","2013","35.36770327","7.320015599","5.83","7.00"
"688","SNNP","Boniga","AUGUST","2013","36.24008346","7.388535704","4.83","-"
"689","SNNP","Chana","AUGUST","2013","36.11775846","6.226550231","5.00","-"
"690","SNNP","Arbam- minch ","AUGUST","2013","37.5527474","6.024547891","7.00","7.45"
"691","SNNP","Sawla","AUGUST","2013","36.87437474","6.300226567","4.17","12.68"
"692","SNNP","Welayita sodo ","DECEMBER","2013","37.766643","6.86176","5.33","7.63"
"693","SNNP","Bodite","DECEMBER","2013","37.89064905","7.038034865","5.50","6.76"
"694","SNNP","Jinka","DECEMBER","2013","36.56441614","5.78310286","4.76","9.44"
"695","SNNP","Dimeka","DECEMBER","2013","36.45041198","4.892522922","5.71","9.37"
"696","SNNP","Masha","DECEMBER","2013","35.47956686","7.741652627","3.30","9.00"
"697","SNNP","Tepi","DECEMBER","2013","35.36770327","7.320015599","5.50","7.00"
"698","SNNP","Boniga","DECEMBER","2013","36.24008346","7.388535704","4.00","-"
"699","SNNP","Chana","DECEMBER","2013","36.11775846","6.226550231","4.00","-"
"700","SNNP","Arbam- minch ","DECEMBER","2013","37.5527474","6.024547891","6.50","7.34"
"701","SNNP","Sawla","DECEMBER","2013","36.87437474","6.300226567","4.47","13.34"
"702","SNNP","Welayita sodo ","FEBRUARY","2014","37.766643","6.86176","5.00","7.90"
"703","SNNP","Bodite","FEBRUARY","2014","37.89064905","7.038034865","5.16","5.32"
"704","SNNP","Jinka","FEBRUARY","2014","36.56441614","5.78310286","4.19","7.55"
"705","SNNP","Dimeka","FEBRUARY","2014","36.45041198","4.892522922","4.22","9.37"
"706","SNNP","Masha","FEBRUARY","2014","35.47956686","7.741652627","3.83","8.00"
"707","SNNP","Tepi","FEBRUARY","2014","35.36770327","7.320015599","5.16","7.00"
"708","SNNP","Boniga","FEBRUARY","2014","36.24008346","7.388535704","4.00","-"
"709","SNNP","Chana","FEBRUARY","2014","36.11775846","6.226550231","4.00","-"
"710","SNNP","Arbam- minch ","FEBRUARY","2014","37.5527474","6.024547891","6.00","9.38"
"711","SNNP","Sawla","FEBRUARY","2014","36.87437474","6.300226567","4.20","12.77"
"712","SNNP","Welayita sodo ","JANUARY","2014","37.766643","6.86176","5.23","7.69"
"713","SNNP","Bodite","JANUARY","2014","37.89064905","7.038034865","5.50","7.50"
"714","SNNP","Jinka","JANUARY","2014","36.56441614","5.78310286","5.19","9.49"
"715","SNNP","Dimeka","JANUARY","2014","36.45041198","4.892522922","5.70","9.32"
"716","SNNP","Masha","JANUARY","2014","35.47956686","7.741652627","3.83","8.00"
"717","SNNP","Tepi","JANUARY","2014","35.36770327","7.320015599","6.00","7.00"
"718","SNNP","Boniga","JANUARY","2014","36.24008346","7.388535704","4.00","-"
"719","SNNP","Chana","JANUARY","2014","36.11775846","6.226550231","4.00","-"
"720","SNNP","Arbam- minch ","JANUARY","2014","37.5527474","6.024547891","6.50","7.78"
"721","SNNP","Sawla","JANUARY","2014","36.87437474","6.300226567","5.00","13.34"
"722","SNNP","Welayita sodo ","JULY","2013","37.766643","6.86176","6.37","7.82"
"723","SNNP","Bodite","JULY","2013","37.89064905","7.038034865","6.50","6.67"
"724","SNNP","Jinka","JULY","2013","36.56441614","5.78310286","5.87","9.26"
"725","SNNP","Dimeka","JULY","2013","36.45041198","4.892522922","5.70","9.44"
"726","SNNP","Masha","JULY","2013","35.47956686","7.741652627","5.03","-"
"727","SNNP","Tepi","JULY","2013","35.36770327","7.320015599","5.83","7.00"
"728","SNNP","Boniga","JULY","2013","36.24008346","7.388535704","5.00","-"
"729","SNNP","Chana","JULY","2013","36.11775846","6.226550231","5.00","-"
"730","SNNP","Arbam- minch ","JULY","2013","37.5527474","6.024547891","-","8.08"
"731","SNNP","Sawla","JULY","2013","36.87437474","6.300226567","5.30","12.77"
"732","SNNP","Welayita sodo ","JUNE","2014","37.766643","6.86176","5.90","8.90"
"733","SNNP","Bodite","JUNE","2014","37.89064905","7.038034865","6.00","8.11"
"734","SNNP","Jinka","JUNE","2014","36.56441614","5.78310286","6.74","9.26"
"735","SNNP","Dimeka","JUNE","2014","36.45041198","4.892522922","6.32","9.49"
"736","SNNP","Masha","JUNE","2014","35.47956686","7.741652627","6.00","-"
"737","SNNP","Tepi","JUNE","2014","35.36770327","7.320015599","7.00","8.00"
"738","SNNP","Boniga","JUNE","2014","36.24008346","7.388535704","5.83","-"
"739","SNNP","Chana","JUNE","2014","36.11775846","6.226550231","6.00","-"
"740","SNNP","Arbam- minch ","JUNE","2014","37.5527474","6.024547891","6.83","9.64"
"741","SNNP","Sawla","JUNE","2014","36.87437474","6.300226567","6.00","10.46"
"742","SNNP","Welayita sodo ","MAY","2014","37.766643","6.86176","5.76","8.90"
"743","SNNP","Bodite","MAY","2014","37.89064905","7.038034865","6.00","8.11"
"744","SNNP","Jinka","MAY","2014","36.56441614","5.78310286","5.98","9.09"
"745","SNNP","Dimeka","MAY","2014","36.45041198","4.892522922","-","7.84"
"746","SNNP","Masha","MAY","2014","35.47956686","7.741652627","6.00","-"
"747","SNNP","Tepi","MAY","2014","35.36770327","7.320015599","6.00","7.32"
"748","SNNP","Boniga","MAY","2014","36.24008346","7.388535704","5.85","-"
"749","SNNP","Chana","MAY","2014","36.11775846","6.226550231","6.00","-"
"750","SNNP","Arbam- minch ","MAY","2014","37.5527474","6.024547891","6.50","9.46"
"751","SNNP","Sawla","MAY","2014","36.87437474","6.300226567","6.00","-"
"752","SNNP","Welayita sodo ","NOVEMBER","2013","37.766643","6.86176","5.63","7.41"
"753","SNNP","Bodite","NOVEMBER","2013","37.89064905","7.038034865","5.23","8.82"
"754","SNNP","Jinka","NOVEMBER","2013","36.56441614","5.78310286","5.83","9.62"
"755","SNNP","Dimeka","NOVEMBER","2013","36.45041198","4.892522922","6.07","9.93"
"756","SNNP","Masha","NOVEMBER","2013","35.47956686","7.741652627","3.30","9.00"
"757","SNNP","Tepi","NOVEMBER","2013","35.36770327","7.320015599","5.66","7.00"
"758","SNNP","Boniga","NOVEMBER","2013","36.24008346","7.388535704","4.00","-"
"759","SNNP","Chana","NOVEMBER","2013","36.11775846","6.226550231","5.00","-"
"760","SNNP","Arbam- minch ","NOVEMBER","2013","37.5527474","6.024547891","6.50","7.56"
"761","SNNP","Sawla","NOVEMBER","2013","36.87437474","6.300226567","4.47","10.64"
"762","SNNP","Welayita sodo ","OCTOBER","2013","37.766643","6.86176","5.63","7.56"
"763","SNNP","Bodite","OCTOBER","2013","37.89064905","7.038034865","6.00","8.11"
"764","SNNP","Jinka","OCTOBER","2013","36.56441614","5.78310286","5.68","9.26"
"765","SNNP","Dimeka","OCTOBER","2013","36.45041198","4.892522922","7.13","-"
"766","SNNP","Masha","OCTOBER","2013","35.47956686","7.741652627","3.30","-"
"767","SNNP","Tepi","OCTOBER","2013","35.36770327","7.320015599","5.83","7.00"
"768","SNNP","Boniga","OCTOBER","2013","36.24008346","7.388535704","4.00","-"
"769","SNNP","Chana","OCTOBER","2013","36.11775846","6.226550231","4.20","-"
"770","SNNP","Arbam- minch ","OCTOBER","2013","37.5527474","6.024547891","6.83","7.56"
"771","SNNP","Sawla","OCTOBER","2013","36.87437474","6.300226567","6.21","-"
"772","SNNP","Welayita sodo ","SEPTEMBER","2013","37.766643","6.86176","5.43","7.82"
"773","SNNP","Bodite","SEPTEMBER","2013","37.89064905","7.038034865","7.47","9.21"
"774","SNNP","Jinka","SEPTEMBER","2013","36.56441614","5.78310286","5.74","9.49"
"775","SNNP","Dimeka","SEPTEMBER","2013","36.45041198","4.892522922","7.11","9.09"
"776","SNNP","Masha","SEPTEMBER","2013","35.47956686","7.741652627","4.19","-"
"777","SNNP","Tepi","SEPTEMBER","2013","35.36770327","7.320015599","6.00","7.00"
"778","SNNP","Boniga","SEPTEMBER","2013","36.24008346","7.388535704","4.00","-"
"779","SNNP","Chana","SEPTEMBER","2013","36.11775846","6.226550231","5.00","-"
"780","SNNP","Arbam- minch ","SEPTEMBER","2013","37.5527474","6.024547891","6.66","7.51"
"781","SNNP","Sawla","SEPTEMBER","2013","36.87437474","6.300226567","4.48","12.77"
"782","SNNP","Shewa- Bench ","APRIL","2014",NA,NA,"4.08","-"
"783","SNNP","Mizan- Teferi ","APRIL","2014","35.41120174","6.883477024","6.00","-"
"784","SNNP","Deri","APRIL","2014","36.28577951","7.384839762","5.66","5.88"
"785","SNNP","Amaro Kele ","APRIL","2014","6.083333333","38.03333333","5.02","8.21"
"786","SNNP","Soyama","APRIL","2014","5.7","37.88333333","5.41","-"
"787","SNNP","Karate","APRIL","2014","5.25","37.48333333","5.06","-"
"788","SNNP","Gidola","APRIL","2014","37.34772952","5.647078098","5.18","-"
"789","SNNP","Tercha","APRIL","2014","37.175334","7.146295","3.93","-"
"790","SNNP","Besite- chere ","APRIL","2014",NA,NA,"4.73","5.61"
"791","SNNP","Lasoka","APRIL","2014","36.60777815","6.30774507","3.53","5.92"
"792","SNNP","Amaya","APRIL","2014","36.68000727","7.105541206","6.95","-"
"793","SNNP","Shewa- Bench ","AUGUST","2013",NA,NA,"3.23","-"
"794","SNNP","Mizan- Teferi ","AUGUST","2013","35.41120174","6.883477024","6.00","-"
"795","SNNP","Deri","AUGUST","2013","36.28577951","7.384839762","6.26","7.61"
"796","SNNP","Amaro Kele ","AUGUST","2013","6.083333333","38.03333333","6.74","9.29"
"797","SNNP","Soyama","AUGUST","2013","5.7","37.88333333","-","-"
"798","SNNP","Karate","AUGUST","2013","5.25","37.48333333","6.13","-"
"799","SNNP","Gidola","AUGUST","2013","37.34772952","5.647078098","5.50","-"
"800","SNNP","Tercha","AUGUST","2013","37.175334","7.146295","5.00","-"
"801","SNNP","Besite- chere ","AUGUST","2013",NA,NA,"5.93","8.09"
"802","SNNP","Lasoka","AUGUST","2013","36.60777815","6.30774507","4.66","7.60"
"803","SNNP","Amaya","AUGUST","2013","36.68000727","7.105541206","6.33","-"
"804","SNNP","Shewa- Bench ","DECEMBER","2013",NA,NA,"3.50","-"
"805","SNNP","Mizan- Teferi ","DECEMBER","2013","35.41120174","6.883477024","5.00","-"
"806","SNNP","Deri","DECEMBER","2013","36.28577951","7.384839762","5.17","6.38"
"807","SNNP","Amaro Kele ","DECEMBER","2013","6.083333333","38.03333333","4.48","8.00"
"808","SNNP","Soyama","DECEMBER","2013","5.7","37.88333333","4.07","-"
"809","SNNP","Karate","DECEMBER","2013","5.25","37.48333333","5.61","-"
"810","SNNP","Gidola","DECEMBER","2013","37.34772952","5.647078098","6.19","-"
"811","SNNP","Tercha","DECEMBER","2013","37.175334","7.146295","4.07","-"
"812","SNNP","Besite- chere ","DECEMBER","2013",NA,NA,"4.24","5.71"
"813","SNNP","Lasoka","DECEMBER","2013","36.60777815","6.30774507","4.00","8.11"
"814","SNNP","Amaya","DECEMBER","2013","36.68000727","7.105541206","3.59","-"
"815","SNNP","Shewa- Bench ","FEBRUARY","2014",NA,NA,"3.78","-"
"816","SNNP","Mizan- Teferi ","FEBRUARY","2014","35.41120174","6.883477024","5.00","-"
"817","SNNP","Deri","FEBRUARY","2014","36.28577951","7.384839762","5.00","6.52"
"818","SNNP","Amaro Kele ","FEBRUARY","2014","6.083333333","38.03333333","3.46","7.00"
"819","SNNP","Soyama","FEBRUARY","2014","5.7","37.88333333","5.38","-"
"820","SNNP","Karate","FEBRUARY","2014","5.25","37.48333333","4.39","-"
"821","SNNP","Gidola","FEBRUARY","2014","37.34772952","5.647078098","5.04","-"
"822","SNNP","Tercha","FEBRUARY","2014","37.175334","7.146295","3.93","-"
"823","SNNP","Besite- chere ","FEBRUARY","2014",NA,NA,"4.50","-"
"824","SNNP","Lasoka","FEBRUARY","2014","36.60777815","6.30774507","3.53","5.92"
"825","SNNP","Amaya","FEBRUARY","2014","36.68000727","7.105541206","5.90","-"
"826","SNNP","Shewa- Bench ","JANUARY","2014",NA,NA,"3.50","-"
"827","SNNP","Mizan- Teferi ","JANUARY","2014","35.41120174","6.883477024","5.00","-"
"828","SNNP","Deri","JANUARY","2014","36.28577951","7.384839762","4.89","4.55"
"829","SNNP","Amaro Kele ","JANUARY","2014","6.083333333","38.03333333","4.56","8.00"
"830","SNNP","Soyama","JANUARY","2014","5.7","37.88333333","5.87","-"
"831","SNNP","Karate","JANUARY","2014","5.25","37.48333333","5.14","-"
"832","SNNP","Gidola","JANUARY","2014","37.34772952","5.647078098","6.25","-"
"833","SNNP","Tercha","JANUARY","2014","37.175334","7.146295","4.00","-"
"834","SNNP","Besite- chere ","JANUARY","2014",NA,NA,"4.50","5.72"
"835","SNNP","Lasoka","JANUARY","2014","36.60777815","6.30774507","3.53","5.92"
"836","SNNP","Amaya","JANUARY","2014","36.68000727","7.105541206","3.94","-"
"837","SNNP","Shewa- Bench ","JULY","2013",NA,NA,"4.50","-"
"838","SNNP","Mizan- Teferi ","JULY","2013","35.41120174","6.883477024","6.00","-"
"839","SNNP","Deri","JULY","2013","36.28577951","7.384839762","6.00","8.21"
"840","SNNP","Amaro Kele ","JULY","2013","6.083333333","38.03333333","6.07","8.58"
"841","SNNP","Soyama","JULY","2013","5.7","37.88333333","5.87","-"
"842","SNNP","Karate","JULY","2013","5.25","37.48333333","5.93","-"
"843","SNNP","Gidola","JULY","2013","37.34772952","5.647078098","5.33","-"
"844","SNNP","Tercha","JULY","2013","37.175334","7.146295","5.00","-"
"845","SNNP","Besite- chere ","JULY","2013",NA,NA,"5.46","7.26"
"846","SNNP","Lasoka","JULY","2013","36.60777815","6.30774507","4.70","6.08"
"847","SNNP","Amaya","JULY","2013","36.68000727","7.105541206","5.95","-"
"848","SNNP","Shewa- Bench ","JUNE","2014",NA,NA,"4.53","-"
"849","SNNP","Mizan- Teferi ","JUNE","2014","35.41120174","6.883477024","6.00","-"
"850","SNNP","Deri","JUNE","2014","36.28577951","7.384839762","5.97","6.96"
"851","SNNP","Amaro Kele ","JUNE","2014","6.083333333","38.03333333","-","-"
"852","SNNP","Soyama","JUNE","2014","5.7","37.88333333","5.96","-"
"853","SNNP","Karate","JUNE","2014","5.25","37.48333333","5.68","-"
"854","SNNP","Gidola","JUNE","2014","37.34772952","5.647078098","5.79","-"
"855","SNNP","Tercha","JUNE","2014","37.175334","7.146295","4.45","-"
"856","SNNP","Besite- chere ","JUNE","2014",NA,NA,"5.50","6.16"
"857","SNNP","Lasoka","JUNE","2014","36.60777815","6.30774507","6.50","-"
"858","SNNP","Amaya","JUNE","2014","36.68000727","7.105541206","7.09","-"
"859","SNNP","Shewa- Bench ","MAY","2014",NA,NA,"5.65","-"
"860","SNNP","Mizan- Teferi ","MAY","2014","35.41120174","6.883477024","6.00","-"
"861","SNNP","Deri","MAY","2014","36.28577951","7.384839762","5.46","6.12"
"862","SNNP","Amaro Kele ","MAY","2014","6.083333333","38.03333333","6.67","8.00"
"863","SNNP","Soyama","MAY","2014","5.7","37.88333333","6.52","-"
"864","SNNP","Karate","MAY","2014","5.25","37.48333333","5.84","-"
"865","SNNP","Gidola","MAY","2014","37.34772952","5.647078098","5.57","-"
"866","SNNP","Tercha","MAY","2014","37.175334","7.146295","4.48","-"
"867","SNNP","Besite- chere ","MAY","2014",NA,NA,"5.05","5.71"
"868","SNNP","Lasoka","MAY","2014","36.60777815","6.30774507","6.50","-"
"869","SNNP","Amaya","MAY","2014","36.68000727","7.105541206","7.10","-"
"870","SNNP","Shewa- Bench ","NOVEMBER","2013",NA,NA,"3.66","-"
"871","SNNP","Mizan- Teferi ","NOVEMBER","2013","35.41120174","6.883477024","5.00","-"
"872","SNNP","Deri","NOVEMBER","2013","36.28577951","7.384839762","6.36","6.43"
"873","SNNP","Amaro Kele ","NOVEMBER","2013","6.083333333","38.03333333","4.51","8.00"
"874","SNNP","Soyama","NOVEMBER","2013","5.7","37.88333333","5.49","-"
"875","SNNP","Karate","NOVEMBER","2013","5.25","37.48333333","5.63","-"
"876","SNNP","Gidola","NOVEMBER","2013","37.34772952","5.647078098","5.90","-"
"877","SNNP","Tercha","NOVEMBER","2013","37.175334","7.146295","4.23","-"
"878","SNNP","Besite- chere ","NOVEMBER","2013",NA,NA,"4.59","5.62"
"879","SNNP","Lasoka","NOVEMBER","2013","36.60777815","6.30774507","4.50","-"
"880","SNNP","Amaya","NOVEMBER","2013","36.68000727","7.105541206","2.90","-"
"881","SNNP","Shewa- Bench ","OCTOBER","2013",NA,NA,"3.50","-"
"882","SNNP","Mizan- Teferi ","OCTOBER","2013","35.41120174","6.883477024","6.00","-"
"883","SNNP","Deri","OCTOBER","2013","36.28577951","7.384839762","7.14","8.70"
"884","SNNP","Amaro Kele ","OCTOBER","2013","6.083333333","38.03333333","5.39","8.00"
"885","SNNP","Soyama","OCTOBER","2013","5.7","37.88333333","4.94","-"
"886","SNNP","Karate","OCTOBER","2013","5.25","37.48333333","6.19","-"
"887","SNNP","Gidola","OCTOBER","2013","37.34772952","5.647078098","5.20","12.77"
"888","SNNP","Tercha","OCTOBER","2013","37.175334","7.146295","4.00","-"
"889","SNNP","Besite- chere ","OCTOBER","2013",NA,NA,"4.16","5.20"
"890","SNNP","Lasoka","OCTOBER","2013","36.60777815","6.30774507","4.00","5.63"
"891","SNNP","Amaya","OCTOBER","2013","36.68000727","7.105541206","3.77","-"
"892","SNNP","Shewa- Bench ","SEPTEMBER","2013",NA,NA,"4.21","-"
"893","SNNP","Mizan- Teferi ","SEPTEMBER","2013","35.41120174","6.883477024","6.00","-"
"894","SNNP","Deri","SEPTEMBER","2013","36.28577951","7.384839762","7.27","9.30"
"895","SNNP","Amaro Kele ","SEPTEMBER","2013","6.083333333","38.03333333","4.48","8.00"
"896","SNNP","Soyama","SEPTEMBER","2013","5.7","37.88333333","5.41","-"
"897","SNNP","Karate","SEPTEMBER","2013","5.25","37.48333333","5.68","-"
"898","SNNP","Gidola","SEPTEMBER","2013","37.34772952","5.647078098","5.33","-"
"899","SNNP","Tercha","SEPTEMBER","2013","37.175334","7.146295","4.50","-"
"900","SNNP","Besite- chere ","SEPTEMBER","2013",NA,NA,"5.04","6.38"
"901","SNNP","Lasoka","SEPTEMBER","2013","36.60777815","6.30774507","3.53","5.92"
"902","SNNP","Amaya","SEPTEMBER","2013","36.68000727","7.105541206","3.97","-"
"903","SOMALIE","Shinile","APRIL","2014","41.844013","9.686515","6.00","-"
"904","SOMALIE","Arere","APRIL","2014",NA,NA,"7.33","7.66"
"905","SOMALIE","Jigjiga","APRIL","2014","42.792342","9.367259","9.18","12.00"
"906","SOMALIE","Hartshek","APRIL","2014","43.356499","9.161111","9.04","-"
"907","SOMALIE","Dolo","APRIL","2014","42.059257","4.179211","8.74","11.25"
"908","SOMALIE","Moyale","APRIL","2014","3.527","39.056","6.83","10.00"
"909","SOMALIE","Shinile","AUGUST","2013","41.844013","9.686515","7.00","-"
"910","SOMALIE","Arere","AUGUST","2013",NA,NA,"7.16","8.00"
"911","SOMALIE","Jigjiga","AUGUST","2013","42.792342","9.367259","8.16","11.00"
"912","SOMALIE","Hartshek","AUGUST","2013","43.356499","9.161111","7.85","10.00"
"913","SOMALIE","Dolo","AUGUST","2013","42.059257","4.179211","10.14","12.36"
"914","SOMALIE","Moyale","AUGUST","2013","3.527","39.056","6.32","9.65"
"915","SOMALIE","Shinile","DECEMBER","2013","41.844013","9.686515","-","14.00"
"916","SOMALIE","Arere","DECEMBER","2013",NA,NA,"7.16","10.00"
"917","SOMALIE","Jigjiga","DECEMBER","2013","42.792342","9.367259","9.39","12.00"
"918","SOMALIE","Hartshek","DECEMBER","2013","43.356499","9.161111","9.06","10.00"
"919","SOMALIE","Dolo","DECEMBER","2013","42.059257","4.179211","9.47","11.05"
"920","SOMALIE","Moyale","DECEMBER","2013","3.527","39.056","6.49","9.28"
"921","SOMALIE","Shinile","FEBRUARY","2014","41.844013","9.686515","7.00","10.00"
"922","SOMALIE","Arere","FEBRUARY","2014",NA,NA,"7.83","8.14"
"923","SOMALIE","Jigjiga","FEBRUARY","2014","42.792342","9.367259","9.37","12.00"
"924","SOMALIE","Hartshek","FEBRUARY","2014","43.356499","9.161111","7.24","10.00"
"925","SOMALIE","Dolo","FEBRUARY","2014","42.059257","4.179211","8.76","10.27"
"926","SOMALIE","Moyale","FEBRUARY","2014","3.527","39.056","6.75","9.65"
"927","SOMALIE","Shinile","JANUARY","2014","41.844013","9.686515","7.00","-"
"928","SOMALIE","Arere","JANUARY","2014",NA,NA,"8.00","8.57"
"929","SOMALIE","Jigjiga","JANUARY","2014","42.792342","9.367259","9.43","12.00"
"930","SOMALIE","Hartshek","JANUARY","2014","43.356499","9.161111","9.06","10.00"
"931","SOMALIE","Dolo","JANUARY","2014","42.059257","4.179211","8.93","11.05"
"932","SOMALIE","Moyale","JANUARY","2014","3.527","39.056","6.65","10.00"
"933","SOMALIE","Shinile","JULY","2013","41.844013","9.686515","7.00","10.00"
"934","SOMALIE","Arere","JULY","2013",NA,NA,"7.33","8.00"
"935","SOMALIE","Jigjiga","JULY","2013","42.792342","9.367259","8.44","11.00"
"936","SOMALIE","Hartshek","JULY","2013","43.356499","9.161111","7.80","10.00"
"937","SOMALIE","Dolo","JULY","2013","42.059257","4.179211","8.70","11.05"
"938","SOMALIE","Moyale","JULY","2013","3.527","39.056","6.83","8.62"
"939","SOMALIE","Shinile","JUNE","2014","41.844013","9.686515","7.00","-"
"940","SOMALIE","Arere","JUNE","2014",NA,NA,"8.00","8.00"
"941","SOMALIE","Jigjiga","JUNE","2014","42.792342","9.367259","8.25","10.66"
"942","SOMALIE","Hartshek","JUNE","2014","43.356499","9.161111","8.90","10.00"
"943","SOMALIE","Dolo","JUNE","2014","42.059257","4.179211","9.56","11.05"
"944","SOMALIE","Moyale","JUNE","2014","3.527","39.056","7.00","10.00"
"945","SOMALIE","Shinile","MAY","2014","41.844013","9.686515","7.00","-"
"946","SOMALIE","Arere","MAY","2014",NA,NA,"7.66","10.16"
"947","SOMALIE","Jigjiga","MAY","2014","42.792342","9.367259","8.24","11.66"
"948","SOMALIE","Hartshek","MAY","2014","43.356499","9.161111","8.19","10.00"
"949","SOMALIE","Dolo","MAY","2014","42.059257","4.179211","8.83","11.84"
"950","SOMALIE","Moyale","MAY","2014","3.527","39.056","6.97","-"
"951","SOMALIE","Shinile","NOVEMBER","2013","41.844013","9.686515","8.00","14.00"
"952","SOMALIE","Arere","NOVEMBER","2013",NA,NA,"6.33","10.00"
"953","SOMALIE","Jigjiga","NOVEMBER","2013","42.792342","9.367259","8.96","11.66"
"954","SOMALIE","Hartshek","NOVEMBER","2013","43.356499","9.161111","9.06","10.00"
"955","SOMALIE","Dolo","NOVEMBER","2013","42.059257","4.179211","9.42","11.05"
"956","SOMALIE","Moyale","NOVEMBER","2013","3.527","39.056","6.83","9.32"
"957","SOMALIE","Shinile","OCTOBER","2013","41.844013","9.686515","8.00","14.00"
"958","SOMALIE","Arere","OCTOBER","2013",NA,NA,"7.83","8.16"
"959","SOMALIE","Jigjiga","OCTOBER","2013","42.792342","9.367259","9.11","12.32"
"960","SOMALIE","Hartshek","OCTOBER","2013","43.356499","9.161111","9.06","10.00"
"961","SOMALIE","Dolo","OCTOBER","2013","42.059257","4.179211","6.72","11.00"
"962","SOMALIE","Moyale","OCTOBER","2013","3.527","39.056","7.65","10.00"
"963","SOMALIE","Shinile","SEPTEMBER","2013","41.844013","9.686515","7.33","-"
"964","SOMALIE","Arere","SEPTEMBER","2013",NA,NA,"8.00","8.83"
"965","SOMALIE","Jigjiga","SEPTEMBER","2013","42.792342","9.367259","8.20","10.32"
"966","SOMALIE","Hartshek","SEPTEMBER","2013","43.356499","9.161111","7.74","10.00"
"967","SOMALIE","Dolo","SEPTEMBER","2013","42.059257","4.179211","10.05","11.78"
"968","SOMALIE","Moyale","SEPTEMBER","2013","3.527","39.056","7.00","9.65"
"969","TIGRAY","Enda- silase ","APRIL","2014","38.27211005","14.08944251","5.87","-"
"970","TIGRAY","Enda- baguna ","APRIL","2014","38.19317204","13.97860867","7.73","-"
"971","TIGRAY","Adwa","APRIL","2014","38.88818805","14.14845458","6.50","-"
"972","TIGRAY","Axum","APRIL","2014","38.71879888","14.11130791","6.93","-"
"973","TIGRAY","Adigrat","APRIL","2014","39.46033457","14.26667752","6.23","-"
"974","TIGRAY","Wukiro","APRIL","2014","39.599747","13.796083","6.50","8.22"
"975","TIGRAY","Mai- chew ","APRIL","2014","39.541533","12.78792086","7.27","8.91"
"976","TIGRAY","Mekelle","APRIL","2014","39.47221911","13.48719005","6.50","-"
"977","AFAR","Ayisaeta","APRIL","2014","41.43333","11.56667","9.00","10.66"
"978","AFAR","Dubti","APRIL","2014","41.08260323","11.72765333","6.00","-"
"979","AFAR","Melka Werers ","APRIL","2014","40.18154914","9.340880502","6.16","7.16"
"980","AFAR","Sebat killo ","APRIL","2014","8.983333333","40.16666667","6.33","-"
"981","TIGRAY","Enda- silase ","AUGUST","2013","38.27211005","14.08944251","7.11","-"
"982","TIGRAY","Enda- baguna ","AUGUST","2013","38.19317204","13.97860867","7.31","-"
"983","TIGRAY","Adwa","AUGUST","2013","38.88818805","14.14845458","6.27","-"
"984","TIGRAY","Axum","AUGUST","2013","38.71879888","14.11130791","6.90","-"
"985","TIGRAY","Adigrat","AUGUST","2013","39.46033457","14.26667752","7.17","-"
"986","TIGRAY","Wukiro","AUGUST","2013","39.599747","13.796083","7.00","9.97"
"987","TIGRAY","Mai- chew ","AUGUST","2013","39.541533","12.78792086","9.31","11.18"
"988","TIGRAY","Mekelle","AUGUST","2013","39.47221911","13.48719005","6.77","7.49"
"989","AFAR","Ayisaeta","AUGUST","2013","41.43333","11.56667","5.90","7.00"
"990","AFAR","Dubti","AUGUST","2013","41.08260323","11.72765333","6.00","-"
"991","AFAR","Melka Werers ","AUGUST","2013","40.18154914","9.340880502","7.33","8.16"
"992","AFAR","Sebat killo ","AUGUST","2013","8.983333333","40.16666667","7.00","-"
"993","TIGRAY","Enda- silase ","DECEMBER","2013","38.27211005","14.08944251","5.33","-"
"994","TIGRAY","Enda- baguna ","DECEMBER","2013","38.19317204","13.97860867","8.77","-"
"995","TIGRAY","Adwa","DECEMBER","2013","38.88818805","14.14845458","8.00","-"
"996","TIGRAY","Axum","DECEMBER","2013","38.71879888","14.11130791","6.84","-"
"997","TIGRAY","Adigrat","DECEMBER","2013","39.46033457","14.26667752","6.30","-"
"998","TIGRAY","Wukiro","DECEMBER","2013","39.599747","13.796083","8.50","11.57"
"999","TIGRAY","Mai- chew ","DECEMBER","2013","39.541533","12.78792086","6.91","10.04"
"1000","TIGRAY","Mekelle","DECEMBER","2013","39.47221911","13.48719005","6.50","-"
"1001","AFAR","Ayisaeta","DECEMBER","2013","41.43333","11.56667","8.65","-"
"1002","AFAR","Dubti","DECEMBER","2013","41.08260323","11.72765333","6.66","-"
"1003","AFAR","Melka Werers ","DECEMBER","2013","40.18154914","9.340880502","6.00","7.83"
"1004","AFAR","Sebat killo ","DECEMBER","2013","8.983333333","40.16666667","6.00","-"
"1005","TIGRAY","Enda- silase ","FEBRUARY","2014","38.27211005","14.08944251","5.90","-"
"1006","TIGRAY","Enda- baguna ","FEBRUARY","2014","38.19317204","13.97860867","5.16","-"
"1007","TIGRAY","Adwa","FEBRUARY","2014","38.88818805","14.14845458","8.00","-"
"1008","TIGRAY","Axum","FEBRUARY","2014","38.71879888","14.11130791","5.81","-"
"1009","TIGRAY","Adigrat","FEBRUARY","2014","39.46033457","14.26667752","5.80","-"
"1010","TIGRAY","Wukiro","FEBRUARY","2014","39.599747","13.796083","6.00","9.95"
"1011","TIGRAY","Mai- chew ","FEBRUARY","2014","39.541533","12.78792086","6.83","10.10"
"1012","TIGRAY","Mekelle","FEBRUARY","2014","39.47221911","13.48719005","6.00","-"
"1013","AFAR","Ayisaeta","FEBRUARY","2014","41.43333","11.56667","9.32","10.66"
"1014","AFAR","Dubti","FEBRUARY","2014","41.08260323","11.72765333","6.16","-"
"1015","AFAR","Melka Werers ","FEBRUARY","2014","40.18154914","9.340880502","6.83","8.16"
"1016","AFAR","Sebat killo ","FEBRUARY","2014","8.983333333","40.16666667","5.50","-"
"1017","TIGRAY","Enda- silase ","JANUARY","2014","38.27211005","14.08944251","5.28","-"
"1018","TIGRAY","Enda- baguna ","JANUARY","2014","38.19317204","13.97860867","5.13","-"
"1019","TIGRAY","Adwa","JANUARY","2014","38.88818805","14.14845458","8.00","-"
"1020","TIGRAY","Axum","JANUARY","2014","38.71879888","14.11130791","6.90","-"
"1021","TIGRAY","Adigrat","JANUARY","2014","39.46033457","14.26667752","6.00","-"
"1022","TIGRAY","Wukiro","JANUARY","2014","39.599747","13.796083","7.00","11.57"
"1023","TIGRAY","Mai- chew ","JANUARY","2014","39.541533","12.78792086","7.41","11.42"
"1024","TIGRAY","Mekelle","JANUARY","2014","39.47221911","13.48719005","6.00","-"
"1025","AFAR","Ayisaeta","JANUARY","2014","41.43333","11.56667","8.96","10.32"
"1026","AFAR","Dubti","JANUARY","2014","41.08260323","11.72765333","6.00","-"
"1027","AFAR","Melka Werers ","JANUARY","2014","40.18154914","9.340880502","6.32","6.83"
"1028","AFAR","Sebat killo ","JANUARY","2014","8.983333333","40.16666667","6.37","-"
"1029","TIGRAY","Enda- silase ","JULY","2013","38.27211005","14.08944251","6.97","-"
"1030","TIGRAY","Enda- baguna ","JULY","2013","38.19317204","13.97860867","6.75","-"
"1031","TIGRAY","Adwa","JULY","2013","38.88818805","14.14845458","7.00","-"
"1032","TIGRAY","Axum","JULY","2013","38.71879888","14.11130791","6.90","-"
"1033","TIGRAY","Adigrat","JULY","2013","39.46033457","14.26667752","7.00","-"
"1034","TIGRAY","Wukiro","JULY","2013","39.599747","13.796083","7.00","9.88"
"1035","TIGRAY","Mai- chew ","JULY","2013","39.541533","12.78792086","6.80","10.05"
"1036","TIGRAY","Mekelle","JULY","2013","39.47221911","13.48719005","6.77","8.16"
"1037","AFAR","Ayisaeta","JULY","2013","41.43333","11.56667","5.80","7.33"
"1038","AFAR","Dubti","JULY","2013","41.08260323","11.72765333","6.00","-"
"1039","AFAR","Melka Werers ","JULY","2013","40.18154914","9.340880502","7.00","7.83"
"1040","AFAR","Sebat killo ","JULY","2013","8.983333333","40.16666667","6.95","-"
"1041","TIGRAY","Enda- silase ","JUNE","2014","38.27211005","14.08944251","5.10","-"
"1042","TIGRAY","Enda- baguna ","JUNE","2014","38.19317204","13.97860867","5.41","-"
"1043","TIGRAY","Adwa","JUNE","2014","38.88818805","14.14845458","6.60","-"
"1044","TIGRAY","Axum","JUNE","2014","38.71879888","14.11130791","8.21","-"
"1045","TIGRAY","Adigrat","JUNE","2014","39.46033457","14.26667752","6.33","-"
"1046","TIGRAY","Wukiro","JUNE","2014","39.599747","13.796083","6.20","9.76"
"1047","TIGRAY","Mai- chew ","JUNE","2014","39.541533","12.78792086","7.04","10.12"
"1048","TIGRAY","Mekelle","JUNE","2014","39.47221911","13.48719005","6.43","-"
"1049","AFAR","Ayisaeta","JUNE","2014","41.43333","11.56667","9.65","11.00"
"1050","AFAR","Dubti","JUNE","2014","41.08260323","11.72765333","4.93","-"
"1051","AFAR","Melka Werers ","JUNE","2014","40.18154914","9.340880502","6.16","7.16"
"1052","AFAR","Sebat killo ","JUNE","2014","8.983333333","40.16666667","5.63","-"
"1053","TIGRAY","Enda- silase ","MAY","2014","38.27211005","14.08944251","5.10","-"
"1054","TIGRAY","Enda- baguna ","MAY","2014","38.19317204","13.97860867","6.12","-"
"1055","TIGRAY","Adwa","MAY","2014","38.88818805","14.14845458","6.63","-"
"1056","TIGRAY","Axum","MAY","2014","38.71879888","14.11130791","8.42","-"
"1057","TIGRAY","Adigrat","MAY","2014","39.46033457","14.26667752","6.50","-"
"1058","TIGRAY","Wukiro","MAY","2014","39.599747","13.796083","6.50","5.40"
"1059","TIGRAY","Mai- chew ","MAY","2014","39.541533","12.78792086","8.14","11.31"
"1060","TIGRAY","Mekelle","MAY","2014","39.47221911","13.48719005","6.50","-"
"1061","AFAR","Ayisaeta","MAY","2014","41.43333","11.56667","9.00","10.00"
"1062","AFAR","Dubti","MAY","2014","41.08260323","11.72765333","6.00","7.48"
"1063","AFAR","Melka Werers ","MAY","2014","40.18154914","9.340880502","6.00","7.00"
"1064","AFAR","Sebat killo ","MAY","2014","8.983333333","40.16666667","6.00","-"
"1065","TIGRAY","Enda- silase ","NOVEMBER","2013","38.27211005","14.08944251","7.57","-"
"1066","TIGRAY","Enda- baguna ","NOVEMBER","2013","38.19317204","13.97860867","8.65","-"
"1067","TIGRAY","Adwa","NOVEMBER","2013","38.88818805","14.14845458","8.00","-"
"1068","TIGRAY","Axum","NOVEMBER","2013","38.71879888","14.11130791","9.20","-"
"1069","TIGRAY","Adigrat","NOVEMBER","2013","39.46033457","14.26667752","7.70","-"
"1070","TIGRAY","Wukiro","NOVEMBER","2013","39.599747","13.796083","8.93","10.00"
"1071","TIGRAY","Mai- chew ","NOVEMBER","2013","39.541533","12.78792086","8.69","12.67"
"1072","TIGRAY","Mekelle","NOVEMBER","2013","39.47221911","13.48719005","7.50","-"
"1073","AFAR","Ayisaeta","NOVEMBER","2013","41.43333","11.56667","7.96","9.28"
"1074","AFAR","Dubti","NOVEMBER","2013","41.08260323","11.72765333","7.32","-"
"1075","AFAR","Melka Werers ","NOVEMBER","2013","40.18154914","9.340880502","7.66","8.32"
"1076","AFAR","Sebat killo ","NOVEMBER","2013","8.983333333","40.16666667","7.00","8.32"
"1077","TIGRAY","Enda- silase ","OCTOBER","2013","38.27211005","14.08944251","8.77","-"
"1078","TIGRAY","Enda- baguna ","OCTOBER","2013","38.19317204","13.97860867","8.53","-"
"1079","TIGRAY","Adwa","OCTOBER","2013","38.88818805","14.14845458","10.00","-"
"1080","TIGRAY","Axum","OCTOBER","2013","38.71879888","14.11130791","9.40","-"
"1081","TIGRAY","Adigrat","OCTOBER","2013","39.46033457","14.26667752","8.83","-"
"1082","TIGRAY","Wukiro","OCTOBER","2013","39.599747","13.796083","8.93","11.51"
"1083","TIGRAY","Mai- chew ","OCTOBER","2013","39.541533","12.78792086","9.09","13.76"
"1084","TIGRAY","Mekelle","OCTOBER","2013","39.47221911","13.48719005","8.63","10.00"
"1085","AFAR","Ayisaeta","OCTOBER","2013","41.43333","11.56667","6.00","7.66"
"1086","AFAR","Dubti","OCTOBER","2013","41.08260323","11.72765333","6.66","-"
"1087","AFAR","Melka Werers ","OCTOBER","2013","40.18154914","9.340880502","8.00","9.00"
"1088","AFAR","Sebat killo ","OCTOBER","2013","8.983333333","40.16666667","8.00","-"
"1089","TIGRAY","Enda- silase ","SEPTEMBER","2013","38.27211005","14.08944251","7.65","-"
"1090","TIGRAY","Enda- baguna ","SEPTEMBER","2013","38.19317204","13.97860867","8.23","-"
"1091","TIGRAY","Adwa","SEPTEMBER","2013","38.88818805","14.14845458","8.00","-"
"1092","TIGRAY","Axum","SEPTEMBER","2013","38.71879888","14.11130791","6.40","-"
"1093","TIGRAY","Adigrat","SEPTEMBER","2013","39.46033457","14.26667752","7.76","-"
"1094","TIGRAY","Wukiro","SEPTEMBER","2013","39.599747","13.796083","7.73","-"
"1095","TIGRAY","Mai- chew ","SEPTEMBER","2013","39.541533","12.78792086","8.10","12.53"
"1096","TIGRAY","Mekelle","SEPTEMBER","2013","39.47221911","13.48719005","7.77","11.32"
"1097","AFAR","Ayisaeta","SEPTEMBER","2013","41.43333","11.56667","5.97","7.00"
"1098","AFAR","Dubti","SEPTEMBER","2013","41.08260323","11.72765333","6.00","-"
"1099","AFAR","Melka Werers ","SEPTEMBER","2013","40.18154914","9.340880502","7.83","8.16"
"1100","AFAR","Sebat killo ","SEPTEMBER","2013","8.983333333","40.16666667","7.65","-"
